index,method,path,operationId,tag,summary,auth,requestBody,pathParams,queryParams,headers,successResponses,errorResponses,testType,destructiveLevel,canRunOnProductionPublic,requiresCanaryData,requiredVariables,precondition,expectedResult,evidenceToSave,postmanFolder,postmanRequestName
1,GET,/health/live,DocOpHealthLive,Health,Liveness probe,none,no,,,,200,,smoke,READ_ONLY,yes,no,baseUrl,writes: allow_destructive OR canaryMode OR readiness; bearer when auth=bearer,2xx per swagger,requestId; correlation; HTTP body; never log tokens,00_Preflight,GET /health/live
2,GET,/health/ready,DocOpHealthReady,Health,Readiness probe,none,no,,,,200,503,smoke,READ_ONLY,yes,no,baseUrl,writes: allow_destructive OR canaryMode OR readiness; bearer when auth=bearer,2xx per swagger,requestId; correlation; HTTP body; never log tokens,00_Preflight,GET /health/ready
3,GET,/metrics,DocOpMetrics,System,Prometheus metrics scrape (public listener; optional),none,no,,,,200,"401,404",smoke,READ_ONLY,partial,no,baseUrl,writes: allow_destructive OR canaryMode OR readiness; bearer when auth=bearer,2xx per swagger,requestId; correlation; HTTP body; never log tokens,16_System_Health_Metrics,GET /metrics
4,GET,/swagger/doc.json,DocOpSwaggerDocJSON,System,OpenAPI 3.0 document (embedded),none,no,,,,200,,smoke,READ_ONLY,partial,no,baseUrl,writes: allow_destructive OR canaryMode OR readiness; bearer when auth=bearer,2xx per swagger,requestId; correlation; HTTP body; never log tokens,00_Preflight,GET /swagger/doc.json
5,GET,/swagger/index.html,DocOpSwaggerIndex,System,Swagger UI (HTML),none,no,,,,200,,smoke,READ_ONLY,partial,no,baseUrl,writes: allow_destructive OR canaryMode OR readiness; bearer when auth=bearer,2xx per swagger,requestId; correlation; HTTP body; never log tokens,00_Preflight,GET /swagger/index.html
6,GET,/v1/admin/activation-codes,DocOpV1AdminActivationCodesCatalogList,Activation,List activation codes across machines (admin catalog),bearer,no,,,Authorization;X-Request-ID;X-Correlation-ID,200,,smoke,READ_ONLY,partial,no,accessToken;baseUrl,writes: allow_destructive OR canaryMode OR readiness; bearer when auth=bearer,2xx per swagger,requestId; correlation; HTTP body; never log tokens,05_Machines_Provisioning_Activation,GET /v1/admin/activation-codes
7,POST,/v1/admin/activation-codes,DocOpV1AdminActivationCodesCatalogCreate,Activation,Create activation code (catalog path; targets machine in body),bearer,yes,,,Idempotency-Key;Authorization;X-Request-ID;X-Correlation-ID,201,,canary_setup,DESTRUCTIVE_CANARY_ONLY,no,yes,accessToken;baseUrl,writes: allow_destructive OR canaryMode OR readiness; bearer when auth=bearer,2xx per swagger,requestId; correlation; HTTP body; never log tokens,05_Machines_Provisioning_Activation,POST /v1/admin/activation-codes
8,POST,/v1/admin/activation-codes/{codeId}/revoke,DocOpV1AdminActivationCodeCatalogRevoke,Activation,Revoke activation code by id (catalog path),bearer,no,codeId,,Idempotency-Key;Authorization;X-Request-ID;X-Correlation-ID,200,,regression,DANGEROUS_PRODUCTION_DO_NOT_RUN,no,yes,accessToken;baseUrl;codeId,writes: allow_destructive OR canaryMode OR readiness; bearer when auth=bearer,2xx per swagger,requestId; correlation; HTTP body; never log tokens,05_Machines_Provisioning_Activation,POST /v1/admin/activation-codes/{codeId}/revoke
9,GET,/v1/admin/anomalies,DocOpV1AdminOperationalAnomaliesList,Inventory,List operational anomalies,bearer,no,,,Authorization;X-Request-ID;X-Correlation-ID,200,,smoke,READ_ONLY,partial,no,accessToken;baseUrl,writes: allow_destructive OR canaryMode OR readiness; bearer when auth=bearer,2xx per swagger,requestId; correlation; HTTP body; never log tokens,17_Negative_Security_Idempotency,GET /v1/admin/anomalies
10,GET,/v1/admin/anomalies/{anomalyId},DocOpV1AdminOperationalAnomalyGet,Inventory,Get operational anomaly,bearer,no,anomalyId,,Authorization;X-Request-ID;X-Correlation-ID,200,,smoke,READ_ONLY,partial,no,accessToken;anomalyId;baseUrl,writes: allow_destructive OR canaryMode OR readiness; bearer when auth=bearer,2xx per swagger,requestId; correlation; HTTP body; never log tokens,17_Negative_Security_Idempotency,GET /v1/admin/anomalies/{anomalyId}
11,POST,/v1/admin/anomalies/{anomalyId}/ignore,DocOpV1AdminOperationalAnomalyIgnore,Inventory,Ignore operational anomaly,bearer,no,anomalyId,,Idempotency-Key;Authorization;X-Request-ID;X-Correlation-ID,200,,canary_admin,DESTRUCTIVE_CANARY_ONLY,no,yes,accessToken;anomalyId;baseUrl,writes: allow_destructive OR canaryMode OR readiness; bearer when auth=bearer,2xx per swagger,requestId; correlation; HTTP body; never log tokens,17_Negative_Security_Idempotency,POST /v1/admin/anomalies/{anomalyId}/ignore
12,POST,/v1/admin/anomalies/{anomalyId}/resolve,DocOpV1AdminOperationalAnomalyResolve,Inventory,Resolve operational anomaly,bearer,no,anomalyId,,Idempotency-Key;Authorization;X-Request-ID;X-Correlation-ID,200,,canary_admin,DESTRUCTIVE_CANARY_ONLY,no,yes,accessToken;anomalyId;baseUrl,writes: allow_destructive OR canaryMode OR readiness; bearer when auth=bearer,2xx per swagger,requestId; correlation; HTTP body; never log tokens,17_Negative_Security_Idempotency,POST /v1/admin/anomalies/{anomalyId}/resolve
13,GET,/v1/admin/artifacts,DocOpV1AdminArtifactsList,Artifacts,List artifacts,bearer,no,,,Authorization;X-Request-ID;X-Correlation-ID,200,"400,401,403,500",smoke,READ_ONLY,partial,no,accessToken;baseUrl,writes: allow_destructive OR canaryMode OR readiness; bearer when auth=bearer,2xx per swagger,requestId; correlation; HTTP body; never log tokens,17_Negative_Security_Idempotency,GET /v1/admin/artifacts
14,POST,/v1/admin/artifacts,DocOpV1AdminArtifactsReserve,Artifacts,Reserve artifact id,bearer,no,,,Authorization;X-Request-ID;X-Correlation-ID,201,"400,401,403,429,500",canary_admin,DESTRUCTIVE_CANARY_ONLY,no,yes,accessToken;baseUrl,writes: allow_destructive OR canaryMode OR readiness; bearer when auth=bearer,2xx per swagger,requestId; correlation; HTTP body; never log tokens,17_Negative_Security_Idempotency,POST /v1/admin/artifacts
15,DELETE,/v1/admin/artifacts/{artifactId},DocOpV1AdminArtifactsDelete,Artifacts,Delete artifact,bearer,no,artifactId,,Authorization;X-Request-ID;X-Correlation-ID,200,"400,401,403,404,429,500",regression,DANGEROUS_PRODUCTION_DO_NOT_RUN,no,yes,accessToken;artifactId;baseUrl,writes: allow_destructive OR canaryMode OR readiness; bearer when auth=bearer,2xx per swagger,requestId; correlation; HTTP body; never log tokens,17_Negative_Security_Idempotency,DELETE /v1/admin/artifacts/{artifactId}
16,GET,/v1/admin/artifacts/{artifactId},DocOpV1AdminArtifactsGet,Artifacts,Get artifact metadata,bearer,no,artifactId,,Authorization;X-Request-ID;X-Correlation-ID,200,"400,401,403,404,500",smoke,READ_ONLY,partial,no,accessToken;artifactId;baseUrl,writes: allow_destructive OR canaryMode OR readiness; bearer when auth=bearer,2xx per swagger,requestId; correlation; HTTP body; never log tokens,17_Negative_Security_Idempotency,GET /v1/admin/artifacts/{artifactId}
17,PUT,/v1/admin/artifacts/{artifactId}/content,DocOpV1AdminArtifactsPutContent,Artifacts,Upload artifact bytes,bearer,no,artifactId,,Authorization;X-Request-ID;X-Correlation-ID,200,"400,401,403,404,429,500",canary_admin,DESTRUCTIVE_CANARY_ONLY,no,yes,accessToken;artifactId;baseUrl,writes: allow_destructive OR canaryMode OR readiness; bearer when auth=bearer,2xx per swagger,requestId; correlation; HTTP body; never log tokens,17_Negative_Security_Idempotency,PUT /v1/admin/artifacts/{artifactId}/content
18,GET,/v1/admin/artifacts/{artifactId}/download,DocOpV1AdminArtifactsDownloadURL,Artifacts,Presigned download URL,bearer,no,artifactId,,Authorization;X-Request-ID;X-Correlation-ID,200,"400,401,403,404,500",smoke,READ_ONLY,partial,no,accessToken;artifactId;baseUrl,writes: allow_destructive OR canaryMode OR readiness; bearer when auth=bearer,2xx per swagger,requestId; correlation; HTTP body; never log tokens,17_Negative_Security_Idempotency,GET /v1/admin/artifacts/{artifactId}/download
19,GET,/v1/admin/assignments,DocOpV1AdminAssignmentsList,Machine Admin,List technician assignments (admin),bearer,no,,technician_id;machine_id;from;to;limit;offset,Authorization;X-Request-ID;X-Correlation-ID,200,"400,401,403,500",smoke,READ_ONLY,partial,no,accessToken;baseUrl;from;limit;machineId;offset;technicianId;to,writes: allow_destructive OR canaryMode OR readiness; bearer when auth=bearer,2xx per swagger,requestId; correlation; HTTP body; never log tokens,05_Machines_Provisioning_Activation,GET /v1/admin/assignments
20,POST,/v1/admin/assignments,DocOpV1AdminAssignmentCreate,Machine Admin,Create technician assignment,bearer,yes,,,Authorization;X-Request-ID;X-Correlation-ID,201,,canary_admin,DESTRUCTIVE_CANARY_ONLY,no,yes,accessToken;baseUrl,writes: allow_destructive OR canaryMode OR readiness; bearer when auth=bearer,2xx per swagger,requestId; correlation; HTTP body; never log tokens,05_Machines_Provisioning_Activation,POST /v1/admin/assignments
21,DELETE,/v1/admin/assignments/{assignmentId},DocOpV1AdminAssignmentDelete,Machine Admin,Release assignment (delete),bearer,no,assignmentId,,Authorization;X-Request-ID;X-Correlation-ID,200,,regression,DANGEROUS_PRODUCTION_DO_NOT_RUN,no,yes,accessToken;assignmentId;baseUrl,writes: allow_destructive OR canaryMode OR readiness; bearer when auth=bearer,2xx per swagger,requestId; correlation; HTTP body; never log tokens,05_Machines_Provisioning_Activation,DELETE /v1/admin/assignments/{assignmentId}
22,GET,/v1/admin/assignments/{assignmentId},DocOpV1AdminAssignmentGet,Machine Admin,Get technician–machine assignment by id,bearer,no,assignmentId,,Authorization;X-Request-ID;X-Correlation-ID,200,,smoke,READ_ONLY,partial,no,accessToken;assignmentId;baseUrl,writes: allow_destructive OR canaryMode OR readiness; bearer when auth=bearer,2xx per swagger,requestId; correlation; HTTP body; never log tokens,05_Machines_Provisioning_Activation,GET /v1/admin/assignments/{assignmentId}
23,GET,/v1/admin/audit/events,DocOpV1AdminAuditEventsList,Audit Admin,List enterprise audit events,bearer,no,,action;actorId;actorType;outcome;resourceType;resourceId;machineId;from;to;limit;offset,Authorization;X-Request-ID;X-Correlation-ID,200,"400,401,403,500",smoke,READ_ONLY,partial,no,accessToken;action;actorId;actorType;baseUrl;from;limit;machineId;offset;outcome;resourceId;resourceType;to,writes: allow_destructive OR canaryMode OR readiness; bearer when auth=bearer,2xx per swagger,requestId; correlation; HTTP body; never log tokens,14_Reporting_Audit_Exports,GET /v1/admin/audit/events
24,GET,/v1/admin/audit/events/{auditEventId},DocOpV1AdminAuditEventGet,Audit Admin,Get one enterprise audit event by id,bearer,no,auditEventId,,Authorization;X-Request-ID;X-Correlation-ID,200,"400,401,403,404,500",smoke,READ_ONLY,partial,no,accessToken;auditEventId;baseUrl,writes: allow_destructive OR canaryMode OR readiness; bearer when auth=bearer,2xx per swagger,requestId; correlation; HTTP body; never log tokens,14_Reporting_Audit_Exports,GET /v1/admin/audit/events/{auditEventId}
25,GET,/v1/admin/auth/users,DocOpV1AdminAuthUsersList,Auth Admin,List API accounts for an company (admin),bearer,no,,limit;offset,Authorization;X-Request-ID;X-Correlation-ID,200,"400,401,403,500",smoke,READ_ONLY,partial,no,accessToken;baseUrl;limit;offset,writes: allow_destructive OR canaryMode OR readiness; bearer when auth=bearer,2xx per swagger,requestId; correlation; HTTP body; never log tokens,17_Negative_Security_Idempotency,GET /v1/admin/auth/users
26,POST,/v1/admin/auth/users,DocOpV1AdminAuthUsersCreate,Auth Admin,Create API account (admin),bearer,yes,,,Authorization;X-Request-ID;X-Correlation-ID,201,"400,401,403,409,429,500",canary_admin,DESTRUCTIVE_CANARY_ONLY,no,yes,accessToken;baseUrl,writes: allow_destructive OR canaryMode OR readiness; bearer when auth=bearer,2xx per swagger,requestId; correlation; HTTP body; never log tokens,17_Negative_Security_Idempotency,POST /v1/admin/auth/users
27,GET,/v1/admin/auth/users/{accountId},DocOpV1AdminAuthUsersGet,Auth Admin,Get API account by id (admin),bearer,no,accountId,,Authorization;X-Request-ID;X-Correlation-ID,200,"400,401,403,404,500",smoke,READ_ONLY,partial,no,accessToken;accountId;baseUrl,writes: allow_destructive OR canaryMode OR readiness; bearer when auth=bearer,2xx per swagger,requestId; correlation; HTTP body; never log tokens,17_Negative_Security_Idempotency,GET /v1/admin/auth/users/{accountId}
28,PATCH,/v1/admin/auth/users/{accountId},DocOpV1AdminAuthUsersPatch,Auth Admin,Patch API account (admin),bearer,yes,accountId,,Authorization;X-Request-ID;X-Correlation-ID,200,"400,401,403,404,409,429,500",canary_admin,DESTRUCTIVE_CANARY_ONLY,no,yes,accessToken;accountId;baseUrl,writes: allow_destructive OR canaryMode OR readiness; bearer when auth=bearer,2xx per swagger,requestId; correlation; HTTP body; never log tokens,17_Negative_Security_Idempotency,PATCH /v1/admin/auth/users/{accountId}
29,POST,/v1/admin/auth/users/{accountId}/activate,DocOpV1AdminAuthUsersActivate,Auth Admin,Activate API account (admin),bearer,no,accountId,,Authorization;X-Request-ID;X-Correlation-ID,200,"400,401,403,404,429,500",canary_admin,DESTRUCTIVE_CANARY_ONLY,no,yes,accessToken;accountId;baseUrl,writes: allow_destructive OR canaryMode OR readiness; bearer when auth=bearer,2xx per swagger,requestId; correlation; HTTP body; never log tokens,17_Negative_Security_Idempotency,POST /v1/admin/auth/users/{accountId}/activate
30,POST,/v1/admin/auth/users/{accountId}/deactivate,DocOpV1AdminAuthUsersDeactivate,Auth Admin,Deactivate API account (admin),bearer,no,accountId,,Authorization;X-Request-ID;X-Correlation-ID,200,"400,401,403,404,429,500",canary_admin,DESTRUCTIVE_CANARY_ONLY,no,yes,accessToken;accountId;baseUrl,writes: allow_destructive OR canaryMode OR readiness; bearer when auth=bearer,2xx per swagger,requestId; correlation; HTTP body; never log tokens,17_Negative_Security_Idempotency,POST /v1/admin/auth/users/{accountId}/deactivate
31,POST,/v1/admin/auth/users/{accountId}/reset-password,DocOpV1AdminAuthUsersResetPassword,Auth Admin,Reset password (admin),bearer,yes,accountId,,Authorization;X-Request-ID;X-Correlation-ID,200,"400,401,403,404,429,500",canary_admin,DESTRUCTIVE_CANARY_ONLY,no,yes,accessToken;accountId;baseUrl,writes: allow_destructive OR canaryMode OR readiness; bearer when auth=bearer,2xx per swagger,requestId; correlation; HTTP body; never log tokens,17_Negative_Security_Idempotency,POST /v1/admin/auth/users/{accountId}/reset-password
32,POST,/v1/admin/auth/users/{accountId}/revoke-sessions,DocOpV1AdminAuthUsersRevokeSessions,Auth Admin,Revoke API account sessions (admin),bearer,no,accountId,,Authorization;X-Request-ID;X-Correlation-ID,204,"400,401,403,404",regression,DANGEROUS_PRODUCTION_DO_NOT_RUN,no,yes,accessToken;accountId;baseUrl,writes: allow_destructive OR canaryMode OR readiness; bearer when auth=bearer,2xx per swagger,requestId; correlation; HTTP body; never log tokens,17_Negative_Security_Idempotency,POST /v1/admin/auth/users/{accountId}/revoke-sessions
33,PATCH,/v1/admin/auth/users/{accountId}/roles,DocOpV1AdminAuthUsersPatchRoles,Auth Admin,Replace API account roles — PATCH alias,bearer,yes,accountId,,Authorization;X-Request-ID;X-Correlation-ID,200,,canary_admin,DESTRUCTIVE_CANARY_ONLY,no,yes,accessToken;accountId;baseUrl,writes: allow_destructive OR canaryMode OR readiness; bearer when auth=bearer,2xx per swagger,requestId; correlation; HTTP body; never log tokens,17_Negative_Security_Idempotency,PATCH /v1/admin/auth/users/{accountId}/roles
34,POST,/v1/admin/auth/users/{accountId}/roles,DocOpV1AdminAuthUsersPostRoles,Auth Admin,Replace API account roles (admin),bearer,yes,accountId,,Authorization;X-Request-ID;X-Correlation-ID,200,,canary_admin,DESTRUCTIVE_CANARY_ONLY,no,yes,accessToken;accountId;baseUrl,writes: allow_destructive OR canaryMode OR readiness; bearer when auth=bearer,2xx per swagger,requestId; correlation; HTTP body; never log tokens,17_Negative_Security_Idempotency,POST /v1/admin/auth/users/{accountId}/roles
35,PUT,/v1/admin/auth/users/{accountId}/roles,DocOpV1AdminAuthUsersPutRoles,Auth Admin,Replace API account roles (admin),bearer,yes,accountId,,Authorization;X-Request-ID;X-Correlation-ID,200,"400,401,403,404,429,500",canary_admin,DESTRUCTIVE_CANARY_ONLY,no,yes,accessToken;accountId;baseUrl,writes: allow_destructive OR canaryMode OR readiness; bearer when auth=bearer,2xx per swagger,requestId; correlation; HTTP body; never log tokens,17_Negative_Security_Idempotency,PUT /v1/admin/auth/users/{accountId}/roles
36,GET,/v1/admin/auth/users/{accountId}/sessions,DocOpV1AdminAuthUsersSessions,Auth Admin,List sessions for an API account (admin),bearer,no,accountId,,Authorization;X-Request-ID;X-Correlation-ID,200,,smoke,READ_ONLY,partial,no,accessToken;accountId;baseUrl,writes: allow_destructive OR canaryMode OR readiness; bearer when auth=bearer,2xx per swagger,requestId; correlation; HTTP body; never log tokens,17_Negative_Security_Idempotency,GET /v1/admin/auth/users/{accountId}/sessions
37,PATCH,/v1/admin/auth/users/{accountId}/status,DocOpV1AdminAuthUsersPatchStatus,Auth Admin,Patch API account status only,bearer,yes,accountId,,Authorization;X-Request-ID;X-Correlation-ID,200,,canary_admin,DESTRUCTIVE_CANARY_ONLY,no,yes,accessToken;accountId;baseUrl,writes: allow_destructive OR canaryMode OR readiness; bearer when auth=bearer,2xx per swagger,requestId; correlation; HTTP body; never log tokens,17_Negative_Security_Idempotency,PATCH /v1/admin/auth/users/{accountId}/status
38,GET,/v1/admin/brands,DocOpV1AdminBrandsList,Catalog Admin,List brands,bearer,no,,limit;offset,Authorization;X-Request-ID;X-Correlation-ID,200,"400,401,403,500",smoke,READ_ONLY,partial,no,accessToken;baseUrl;limit;offset,writes: allow_destructive OR canaryMode OR readiness; bearer when auth=bearer,2xx per swagger,requestId; correlation; HTTP body; never log tokens,17_Negative_Security_Idempotency,GET /v1/admin/brands
39,POST,/v1/admin/brands,DocOpV1AdminBrandCreate,Catalog Admin,Create brand,bearer,yes,,,Authorization;X-Request-ID;X-Correlation-ID;Idempotency-Key,200,"400,401,403,409,500",canary_admin,DESTRUCTIVE_CANARY_ONLY,no,yes,accessToken;baseUrl,writes: allow_destructive OR canaryMode OR readiness; bearer when auth=bearer,2xx per swagger,requestId; correlation; HTTP body; never log tokens,17_Negative_Security_Idempotency,POST /v1/admin/brands
40,DELETE,/v1/admin/brands/{brandId},DocOpV1AdminBrandDelete,Catalog Admin,Deactivate brand,bearer,no,brandId,,Authorization;X-Request-ID;X-Correlation-ID;Idempotency-Key,200,,regression,DANGEROUS_PRODUCTION_DO_NOT_RUN,no,yes,accessToken;baseUrl;brandId,writes: allow_destructive OR canaryMode OR readiness; bearer when auth=bearer,2xx per swagger,requestId; correlation; HTTP body; never log tokens,17_Negative_Security_Idempotency,DELETE /v1/admin/brands/{brandId}
41,PATCH,/v1/admin/brands/{brandId},DocOpV1AdminBrandPatch,Catalog Admin,Update brand (PATCH),bearer,yes,brandId,,Authorization;X-Request-ID;X-Correlation-ID;Idempotency-Key,200,,canary_admin,DESTRUCTIVE_CANARY_ONLY,no,yes,accessToken;baseUrl;brandId,writes: allow_destructive OR canaryMode OR readiness; bearer when auth=bearer,2xx per swagger,requestId; correlation; HTTP body; never log tokens,17_Negative_Security_Idempotency,PATCH /v1/admin/brands/{brandId}
42,PUT,/v1/admin/brands/{brandId},DocOpV1AdminBrandReplace,Catalog Admin,Update brand,bearer,yes,brandId,,Authorization;X-Request-ID;X-Correlation-ID;Idempotency-Key,200,,canary_admin,DESTRUCTIVE_CANARY_ONLY,no,yes,accessToken;baseUrl;brandId,writes: allow_destructive OR canaryMode OR readiness; bearer when auth=bearer,2xx per swagger,requestId; correlation; HTTP body; never log tokens,17_Negative_Security_Idempotency,PUT /v1/admin/brands/{brandId}
43,GET,/v1/admin/categories,DocOpV1AdminCategoriesList,Catalog Admin,List categories,bearer,no,,limit;offset,Authorization;X-Request-ID;X-Correlation-ID,200,,smoke,READ_ONLY,partial,no,accessToken;baseUrl;limit;offset,writes: allow_destructive OR canaryMode OR readiness; bearer when auth=bearer,2xx per swagger,requestId; correlation; HTTP body; never log tokens,17_Negative_Security_Idempotency,GET /v1/admin/categories
44,POST,/v1/admin/categories,DocOpV1AdminCategoryCreate,Catalog Admin,Create category,bearer,yes,,,Authorization;X-Request-ID;X-Correlation-ID;Idempotency-Key,200,,canary_admin,DESTRUCTIVE_CANARY_ONLY,no,yes,accessToken;baseUrl,writes: allow_destructive OR canaryMode OR readiness; bearer when auth=bearer,2xx per swagger,requestId; correlation; HTTP body; never log tokens,17_Negative_Security_Idempotency,POST /v1/admin/categories
45,DELETE,/v1/admin/categories/{categoryId},DocOpV1AdminCategoryDelete,Catalog Admin,Deactivate category,bearer,no,categoryId,,Authorization;X-Request-ID;X-Correlation-ID;Idempotency-Key,200,,regression,DANGEROUS_PRODUCTION_DO_NOT_RUN,no,yes,accessToken;baseUrl;categoryId,writes: allow_destructive OR canaryMode OR readiness; bearer when auth=bearer,2xx per swagger,requestId; correlation; HTTP body; never log tokens,17_Negative_Security_Idempotency,DELETE /v1/admin/categories/{categoryId}
46,PATCH,/v1/admin/categories/{categoryId},DocOpV1AdminCategoryPatch,Catalog Admin,Update category (PATCH),bearer,yes,categoryId,,Authorization;X-Request-ID;X-Correlation-ID;Idempotency-Key,200,,canary_admin,DESTRUCTIVE_CANARY_ONLY,no,yes,accessToken;baseUrl;categoryId,writes: allow_destructive OR canaryMode OR readiness; bearer when auth=bearer,2xx per swagger,requestId; correlation; HTTP body; never log tokens,17_Negative_Security_Idempotency,PATCH /v1/admin/categories/{categoryId}
47,PUT,/v1/admin/categories/{categoryId},DocOpV1AdminCategoryReplace,Catalog Admin,Update category,bearer,yes,categoryId,,Authorization;X-Request-ID;X-Correlation-ID;Idempotency-Key,200,,canary_admin,DESTRUCTIVE_CANARY_ONLY,no,yes,accessToken;baseUrl;categoryId,writes: allow_destructive OR canaryMode OR readiness; bearer when auth=bearer,2xx per swagger,requestId; correlation; HTTP body; never log tokens,17_Negative_Security_Idempotency,PUT /v1/admin/categories/{categoryId}
48,GET,/v1/admin/commands,DocOpV1AdminCommandsList,Machine Admin,List machine commands (admin),bearer,no,,machine_id;status;from;to;limit;offset,Authorization;X-Request-ID;X-Correlation-ID,200,"400,401,403,500",smoke,READ_ONLY,partial,no,accessToken;baseUrl;from;limit;machineId;offset;status;to,writes: allow_destructive OR canaryMode OR readiness; bearer when auth=bearer,2xx per swagger,requestId; correlation; HTTP body; never log tokens,05_Machines_Provisioning_Activation,GET /v1/admin/commands
49,GET,/v1/admin/commands/{commandId},DocOpV1AdminCommandGet,Machine Admin,Get command ledger row by id,bearer,no,commandId,,Authorization;X-Request-ID;X-Correlation-ID,200,,smoke,READ_ONLY,partial,no,accessToken;baseUrl;commandId,writes: allow_destructive OR canaryMode OR readiness; bearer when auth=bearer,2xx per swagger,requestId; correlation; HTTP body; never log tokens,05_Machines_Provisioning_Activation,GET /v1/admin/commands/{commandId}
50,POST,/v1/admin/commands/{commandId}/cancel,DocOpV1AdminCommandCancel,Machine Admin,Cancel pending command,bearer,no,commandId,,Idempotency-Key;Authorization;X-Request-ID;X-Correlation-ID,200,,canary_admin,DESTRUCTIVE_CANARY_ONLY,no,yes,accessToken;baseUrl;commandId,writes: allow_destructive OR canaryMode OR readiness; bearer when auth=bearer,2xx per swagger,requestId; correlation; HTTP body; never log tokens,05_Machines_Provisioning_Activation,POST /v1/admin/commands/{commandId}/cancel
51,POST,/v1/admin/commands/{commandId}/retry,DocOpV1AdminCommandRetry,Machine Admin,Retry failed command dispatch,bearer,no,commandId,,Idempotency-Key;Authorization;X-Request-ID;X-Correlation-ID,200,,canary_admin,DESTRUCTIVE_CANARY_ONLY,no,yes,accessToken;baseUrl;commandId,writes: allow_destructive OR canaryMode OR readiness; bearer when auth=bearer,2xx per swagger,requestId; correlation; HTTP body; never log tokens,05_Machines_Provisioning_Activation,POST /v1/admin/commands/{commandId}/retry
52,GET,/v1/admin/commerce/reconciliation,DocOpV1AdminCommerceReconciliationList,Commerce,List commerce reconciliation cases,bearer,no,,status;case_type;limit;offset,Authorization;X-Request-ID;X-Correlation-ID,200,"400,401,403,500",smoke,READ_ONLY,partial,no,accessToken;baseUrl;caseType;limit;offset;status,writes: allow_destructive OR canaryMode OR readiness; bearer when auth=bearer,2xx per swagger,requestId; correlation; HTTP body; never log tokens,08_Commerce_Order_Checkout,GET /v1/admin/commerce/reconciliation
53,GET,/v1/admin/commerce/reconciliation/{caseId},DocOpV1AdminCommerceReconciliationGet,Commerce,Get commerce reconciliation case,bearer,no,caseId,,Authorization;X-Request-ID;X-Correlation-ID,200,"400,401,403,404,500",smoke,READ_ONLY,partial,no,accessToken;baseUrl;caseId,writes: allow_destructive OR canaryMode OR readiness; bearer when auth=bearer,2xx per swagger,requestId; correlation; HTTP body; never log tokens,08_Commerce_Order_Checkout,GET /v1/admin/commerce/reconciliation/{caseId}
54,POST,/v1/admin/commerce/reconciliation/{caseId}/ignore,DocOpV1AdminCommerceReconciliationIgnore,Commerce,Ignore commerce reconciliation case,bearer,yes,caseId,,Authorization;X-Request-ID;X-Correlation-ID,200,"400,401,403,404,500",canary_admin,DESTRUCTIVE_CANARY_ONLY,no,yes,accessToken;baseUrl;caseId,writes: allow_destructive OR canaryMode OR readiness; bearer when auth=bearer,2xx per swagger,requestId; correlation; HTTP body; never log tokens,08_Commerce_Order_Checkout,POST /v1/admin/commerce/reconciliation/{caseId}/ignore
55,POST,/v1/admin/commerce/reconciliation/{caseId}/request-refund,DocOpV1AdminCommerceReconciliationRequestRefund,Commerce,Request refund from reconciliation case,bearer,yes,caseId,,Idempotency-Key;Authorization;X-Request-ID;X-Correlation-ID,200,"400,401,403,404,500",regression,DANGEROUS_PRODUCTION_DO_NOT_RUN,no,yes,accessToken;baseUrl;caseId,writes: allow_destructive OR canaryMode OR readiness; bearer when auth=bearer,2xx per swagger,requestId; correlation; HTTP body; never log tokens,10_Vending_Sale_Refund_Failure,POST /v1/admin/commerce/reconciliation/{caseId}/request-refund
56,POST,/v1/admin/commerce/reconciliation/{caseId}/resolve,DocOpV1AdminCommerceReconciliationResolve,Commerce,Resolve commerce reconciliation case,bearer,yes,caseId,,Authorization;X-Request-ID;X-Correlation-ID,200,"400,401,403,404,500",canary_admin,DESTRUCTIVE_CANARY_ONLY,no,yes,accessToken;baseUrl;caseId,writes: allow_destructive OR canaryMode OR readiness; bearer when auth=bearer,2xx per swagger,requestId; correlation; HTTP body; never log tokens,08_Commerce_Order_Checkout,POST /v1/admin/commerce/reconciliation/{caseId}/resolve
57,GET,/v1/admin/feature-flags,DocOpV1AdminFeatureFlagsList,Fleet,List company feature flags,bearer,no,,limit;offset,Authorization;X-Request-ID;X-Correlation-ID,200,"400,401,500",smoke,READ_ONLY,partial,no,accessToken;baseUrl;limit;offset,writes: allow_destructive OR canaryMode OR readiness; bearer when auth=bearer,2xx per swagger,requestId; correlation; HTTP body; never log tokens,05_Machines_Provisioning_Activation,GET /v1/admin/feature-flags
58,POST,/v1/admin/feature-flags,DocOpV1AdminFeatureFlagsPost,Fleet,Create a feature flag,bearer,yes,,,Authorization;X-Request-ID;X-Correlation-ID,201,"400,401,403,500",canary_admin,DESTRUCTIVE_CANARY_ONLY,no,yes,accessToken;baseUrl,writes: allow_destructive OR canaryMode OR readiness; bearer when auth=bearer,2xx per swagger,requestId; correlation; HTTP body; never log tokens,05_Machines_Provisioning_Activation,POST /v1/admin/feature-flags
59,GET,/v1/admin/feature-flags/{flagId},DocOpV1AdminFeatureFlagGet,Fleet,Get feature flag and scoped targets,bearer,no,flagId,,Authorization;X-Request-ID;X-Correlation-ID,200,"400,401,404,500",smoke,READ_ONLY,partial,no,accessToken;baseUrl;flagId,writes: allow_destructive OR canaryMode OR readiness; bearer when auth=bearer,2xx per swagger,requestId; correlation; HTTP body; never log tokens,05_Machines_Provisioning_Activation,GET /v1/admin/feature-flags/{flagId}
60,PATCH,/v1/admin/feature-flags/{flagId},DocOpV1AdminFeatureFlagPatch,Fleet,Patch feature flag metadata / master enabled bit,bearer,yes,flagId,,Authorization;X-Request-ID;X-Correlation-ID,200,"400,401,404,500",canary_admin,DESTRUCTIVE_CANARY_ONLY,no,yes,accessToken;baseUrl;flagId,writes: allow_destructive OR canaryMode OR readiness; bearer when auth=bearer,2xx per swagger,requestId; correlation; HTTP body; never log tokens,05_Machines_Provisioning_Activation,PATCH /v1/admin/feature-flags/{flagId}
61,POST,/v1/admin/feature-flags/{flagId}/disable,DocOpV1AdminFeatureFlagDisablePost,Fleet,Disable feature flag (master switch),bearer,no,flagId,,Authorization;X-Request-ID;X-Correlation-ID,200,"400,401,404,500",canary_admin,DESTRUCTIVE_CANARY_ONLY,no,yes,accessToken;baseUrl;flagId,writes: allow_destructive OR canaryMode OR readiness; bearer when auth=bearer,2xx per swagger,requestId; correlation; HTTP body; never log tokens,05_Machines_Provisioning_Activation,POST /v1/admin/feature-flags/{flagId}/disable
62,POST,/v1/admin/feature-flags/{flagId}/enable,DocOpV1AdminFeatureFlagEnablePost,Fleet,Enable feature flag (master switch),bearer,no,flagId,,Authorization;X-Request-ID;X-Correlation-ID,200,"400,401,404,500",canary_admin,DESTRUCTIVE_CANARY_ONLY,no,yes,accessToken;baseUrl;flagId,writes: allow_destructive OR canaryMode OR readiness; bearer when auth=bearer,2xx per swagger,requestId; correlation; HTTP body; never log tokens,05_Machines_Provisioning_Activation,POST /v1/admin/feature-flags/{flagId}/enable
63,PUT,/v1/admin/feature-flags/{flagId}/targets,DocOpV1AdminFeatureFlagTargetsPut,Fleet,Replace scoped targets for a feature flag,bearer,yes,flagId,,Authorization;X-Request-ID;X-Correlation-ID,200,"400,401,404,500",canary_admin,DESTRUCTIVE_CANARY_ONLY,no,yes,accessToken;baseUrl;flagId,writes: allow_destructive OR canaryMode OR readiness; bearer when auth=bearer,2xx per swagger,requestId; correlation; HTTP body; never log tokens,05_Machines_Provisioning_Activation,PUT /v1/admin/feature-flags/{flagId}/targets
64,GET,/v1/admin/finance/daily-close,DocOpV1AdminFinanceDailyCloseList,Finance,List finance daily closes,bearer,no,,limit;offset,Authorization;X-Request-ID;X-Correlation-ID,200,"400,401,403,500",smoke,READ_ONLY,partial,no,accessToken;baseUrl;limit;offset,writes: allow_destructive OR canaryMode OR readiness; bearer when auth=bearer,2xx per swagger,requestId; correlation; HTTP body; never log tokens,14_Reporting_Audit_Exports,GET /v1/admin/finance/daily-close
65,POST,/v1/admin/finance/daily-close,DocOpV1AdminFinanceDailyClosePost,Finance,Create immutable finance daily close (requires Idempotency-Key),bearer,yes,,,Idempotency-Key;Authorization;X-Request-ID;X-Correlation-ID,201,"400,401,403,409,500",canary_admin,DESTRUCTIVE_CANARY_ONLY,no,yes,accessToken;baseUrl,writes: allow_destructive OR canaryMode OR readiness; bearer when auth=bearer,2xx per swagger,requestId; correlation; HTTP body; never log tokens,14_Reporting_Audit_Exports,POST /v1/admin/finance/daily-close
66,GET,/v1/admin/finance/daily-close/{closeId},DocOpV1AdminFinanceDailyCloseGet,Finance,Get one finance daily close by id,bearer,no,closeId,,Authorization;X-Request-ID;X-Correlation-ID,200,"400,401,403,404,500",smoke,READ_ONLY,partial,no,accessToken;baseUrl;closeId,writes: allow_destructive OR canaryMode OR readiness; bearer when auth=bearer,2xx per swagger,requestId; correlation; HTTP body; never log tokens,14_Reporting_Audit_Exports,GET /v1/admin/finance/daily-close/{closeId}
67,GET,/v1/admin/inventory/anomalies,DocOpV1AdminInventoryAnomaliesList,Inventory,List inventory anomalies (ledger-backed),bearer,no,,,Authorization;X-Request-ID;X-Correlation-ID,200,,smoke,READ_ONLY,partial,no,accessToken;baseUrl,writes: allow_destructive OR canaryMode OR readiness; bearer when auth=bearer,2xx per swagger,requestId; correlation; HTTP body; never log tokens,07_Inventory_Restock_Anomalies,GET /v1/admin/inventory/anomalies
68,POST,/v1/admin/inventory/anomalies/{anomalyId}/resolve,DocOpV1AdminInventoryAnomalyResolve,Inventory,Resolve inventory anomaly,bearer,no,anomalyId,,Idempotency-Key;Authorization;X-Request-ID;X-Correlation-ID,200,,canary_admin,DESTRUCTIVE_CANARY_ONLY,no,yes,accessToken;anomalyId;baseUrl,writes: allow_destructive OR canaryMode OR readiness; bearer when auth=bearer,2xx per swagger,requestId; correlation; HTTP body; never log tokens,07_Inventory_Restock_Anomalies,POST /v1/admin/inventory/anomalies/{anomalyId}/resolve
69,GET,/v1/admin/inventory/low-stock,DocOpV1AdminInventoryLowStock,Inventory,List slots estimated to need refill soon (low stock),bearer,no,,site_id;machine_id;product_id;velocity_days;urgency;days_threshold;limit;offset,Authorization;X-Request-ID;X-Correlation-ID,200,"400,401,403,500",smoke,READ_ONLY,partial,no,accessToken;baseUrl;daysThreshold;limit;machineId;offset;productId;siteId;urgency;velocityDays,writes: allow_destructive OR canaryMode OR readiness; bearer when auth=bearer,2xx per swagger,requestId; correlation; HTTP body; never log tokens,07_Inventory_Restock_Anomalies,GET /v1/admin/inventory/low-stock
70,GET,/v1/admin/inventory/refill-suggestions,DocOpV1AdminInventoryRefillSuggestions,Inventory,List refill suggestions across machines (all slots),bearer,no,,site_id;machine_id;product_id;velocity_days;urgency;days_threshold;limit;offset,Authorization;X-Request-ID;X-Correlation-ID,200,"400,401,403,500",smoke,READ_ONLY,partial,no,accessToken;baseUrl;daysThreshold;limit;machineId;offset;productId;siteId;urgency;velocityDays,writes: allow_destructive OR canaryMode OR readiness; bearer when auth=bearer,2xx per swagger,requestId; correlation; HTTP body; never log tokens,07_Inventory_Restock_Anomalies,GET /v1/admin/inventory/refill-suggestions
71,GET,/v1/admin/machine-config/rollouts,DocOpV1AdminMachineConfigRolloutsList,Fleet,List machine config rollouts,bearer,no,,limit;offset,Authorization;X-Request-ID;X-Correlation-ID,200,"400,401,500",smoke,READ_ONLY,partial,no,accessToken;baseUrl;limit;offset,writes: allow_destructive OR canaryMode OR readiness; bearer when auth=bearer,2xx per swagger,requestId; correlation; HTTP body; never log tokens,05_Machines_Provisioning_Activation,GET /v1/admin/machine-config/rollouts
72,POST,/v1/admin/machine-config/rollouts,DocOpV1AdminMachineConfigRolloutsPost,Fleet,Create machine config rollout (or rollback),bearer,yes,,,Authorization;X-Request-ID;X-Correlation-ID,201,"400,401,404,500",canary_admin,DESTRUCTIVE_CANARY_ONLY,no,yes,accessToken;baseUrl,writes: allow_destructive OR canaryMode OR readiness; bearer when auth=bearer,2xx per swagger,requestId; correlation; HTTP body; never log tokens,05_Machines_Provisioning_Activation,POST /v1/admin/machine-config/rollouts
73,GET,/v1/admin/machine-config/rollouts/{rolloutId},DocOpV1AdminMachineConfigRolloutGet,Fleet,Get one machine config rollout,bearer,no,rolloutId,,Authorization;X-Request-ID;X-Correlation-ID,200,"400,401,404,500",smoke,READ_ONLY,partial,no,accessToken;baseUrl;rolloutId,writes: allow_destructive OR canaryMode OR readiness; bearer when auth=bearer,2xx per swagger,requestId; correlation; HTTP body; never log tokens,05_Machines_Provisioning_Activation,GET /v1/admin/machine-config/rollouts/{rolloutId}
74,GET,/v1/admin/machines,DocOpV1AdminMachinesList,Machine Admin,List machines (admin),bearer,no,,site_id;machine_id;status;from;to;limit;offset,Authorization;X-Request-ID;X-Correlation-ID,200,"400,401,403,500",smoke,READ_ONLY,partial,no,accessToken;baseUrl;from;limit;machineId;offset;siteId;status;to,writes: allow_destructive OR canaryMode OR readiness; bearer when auth=bearer,2xx per swagger,requestId; correlation; HTTP body; never log tokens,05_Machines_Provisioning_Activation,GET /v1/admin/machines
75,POST,/v1/admin/machines,DocOpV1AdminMachineCreate,Machine Admin,Create machine (admin),bearer,yes,,,Authorization;X-Request-ID;X-Correlation-ID,201,"400,401,403,409,500",canary_admin,DESTRUCTIVE_CANARY_ONLY,no,yes,accessToken;baseUrl,writes: allow_destructive OR canaryMode OR readiness; bearer when auth=bearer,2xx per swagger,requestId; correlation; HTTP body; never log tokens,05_Machines_Provisioning_Activation,POST /v1/admin/machines
76,GET,/v1/admin/machines/{machineId},DocOpV1AdminMachineGet,Machine Admin,Get machine (admin),bearer,no,machineId,,Authorization;X-Request-ID;X-Correlation-ID,200,"400,401,403,404,500",smoke,READ_ONLY,partial,no,accessToken;baseUrl;machineId,writes: allow_destructive OR canaryMode OR readiness; bearer when auth=bearer,2xx per swagger,requestId; correlation; HTTP body; never log tokens,05_Machines_Provisioning_Activation,GET /v1/admin/machines/{machineId}
77,PATCH,/v1/admin/machines/{machineId},DocOpV1AdminMachinePatch,Machine Admin,Patch machine metadata (admin),bearer,yes,machineId,,Authorization;X-Request-ID;X-Correlation-ID,200,"400,401,403,404,500",canary_setup,DESTRUCTIVE_CANARY_ONLY,no,yes,accessToken;baseUrl;machineId,writes: allow_destructive OR canaryMode OR readiness; bearer when auth=bearer,2xx per swagger,requestId; correlation; HTTP body; never log tokens,05_Machines_Provisioning_Activation,PATCH /v1/admin/machines/{machineId}
78,GET,/v1/admin/machines/{machineId}/activation-codes,DocOpV1AdminMachineActivationCodesList,Machine Admin,List activation codes for a machine,bearer,no,machineId,,Authorization;X-Request-ID;X-Correlation-ID,200,"400,401,403,404,500",smoke,READ_ONLY,partial,no,accessToken;baseUrl;machineId,writes: allow_destructive OR canaryMode OR readiness; bearer when auth=bearer,2xx per swagger,requestId; correlation; HTTP body; never log tokens,05_Machines_Provisioning_Activation,GET /v1/admin/machines/{machineId}/activation-codes
79,POST,/v1/admin/machines/{machineId}/activation-codes,DocOpV1AdminMachineActivationCodesPost,Machine Admin,Create machine activation code,bearer,yes,machineId,,Authorization;X-Request-ID;X-Correlation-ID,201,"400,401,403,429,500",canary_setup,DESTRUCTIVE_CANARY_ONLY,no,yes,accessToken;baseUrl;machineId,writes: allow_destructive OR canaryMode OR readiness; bearer when auth=bearer,2xx per swagger,requestId; correlation; HTTP body; never log tokens,05_Machines_Provisioning_Activation,POST /v1/admin/machines/{machineId}/activation-codes
80,DELETE,/v1/admin/machines/{machineId}/activation-codes/{activationCodeId},DocOpV1AdminMachineActivationCodeDelete,Machine Admin,Revoke an activation code,bearer,no,machineId;activationCodeId,,Authorization;X-Request-ID;X-Correlation-ID,204,"400,401,403,404,500",regression,DANGEROUS_PRODUCTION_DO_NOT_RUN,no,yes,accessToken;activationCodeId;baseUrl;machineId,writes: allow_destructive OR canaryMode OR readiness; bearer when auth=bearer,2xx per swagger,requestId; correlation; HTTP body; never log tokens,05_Machines_Provisioning_Activation,DELETE /v1/admin/machines/{machineId}/activation-codes/{activationCodeId}
81,POST,/v1/admin/machines/{machineId}/archive,DocOpV1AdminMachineArchive,Machine Admin,Retire machine (archive alias),bearer,no,machineId,,Authorization;X-Request-ID;X-Correlation-ID,200,,canary_setup,DESTRUCTIVE_CANARY_ONLY,no,yes,accessToken;baseUrl;machineId,writes: allow_destructive OR canaryMode OR readiness; bearer when auth=bearer,2xx per swagger,requestId; correlation; HTTP body; never log tokens,05_Machines_Provisioning_Activation,POST /v1/admin/machines/{machineId}/archive
82,GET,/v1/admin/machines/{machineId}/cash-collections,DocOpV1AdminMachineCashCollectionsList,Cash settlement,List cash collections for machine,bearer,no,machineId,limit;offset,Authorization;X-Request-ID;X-Correlation-ID,200,"400,401,403,404,500",smoke,READ_ONLY,partial,no,accessToken;baseUrl;limit;machineId;offset,writes: allow_destructive OR canaryMode OR readiness; bearer when auth=bearer,2xx per swagger,requestId; correlation; HTTP body; never log tokens,05_Machines_Provisioning_Activation,GET /v1/admin/machines/{machineId}/cash-collections
83,POST,/v1/admin/machines/{machineId}/cash-collections,DocOpV1AdminMachineCashCollectionsPost,Cash settlement,Start cash collection session,bearer,yes,machineId,,Authorization;X-Request-ID;X-Correlation-ID;Idempotency-Key,200,"400,401,403,404,409,429,500",canary_setup,DESTRUCTIVE_CANARY_ONLY,no,yes,accessToken;baseUrl;machineId,writes: allow_destructive OR canaryMode OR readiness; bearer when auth=bearer,2xx per swagger,requestId; correlation; HTTP body; never log tokens,05_Machines_Provisioning_Activation,POST /v1/admin/machines/{machineId}/cash-collections
84,GET,/v1/admin/machines/{machineId}/cash-collections/{collectionId},DocOpV1AdminMachineCashCollectionGet,Cash settlement,Get one cash collection,bearer,no,machineId;collectionId,,Authorization;X-Request-ID;X-Correlation-ID,200,"400,401,403,404,500",smoke,READ_ONLY,partial,no,accessToken;baseUrl;collectionId;machineId,writes: allow_destructive OR canaryMode OR readiness; bearer when auth=bearer,2xx per swagger,requestId; correlation; HTTP body; never log tokens,05_Machines_Provisioning_Activation,GET /v1/admin/machines/{machineId}/cash-collections/{collectionId}
85,POST,/v1/admin/machines/{machineId}/cash-collections/{collectionId}/close,DocOpV1AdminMachineCashCollectionClosePost,Cash settlement,Close cash collection with counted cash,bearer,yes,machineId;collectionId,,Authorization;X-Request-ID;X-Correlation-ID,200,"400,401,403,404,409,429,500",canary_setup,DESTRUCTIVE_CANARY_ONLY,no,yes,accessToken;baseUrl;collectionId;machineId,writes: allow_destructive OR canaryMode OR readiness; bearer when auth=bearer,2xx per swagger,requestId; correlation; HTTP body; never log tokens,05_Machines_Provisioning_Activation,POST /v1/admin/machines/{machineId}/cash-collections/{collectionId}/close
86,GET,/v1/admin/machines/{machineId}/cashbox,DocOpV1AdminMachineCashbox,Cash settlement,Cashbox summary (expected vault from commerce),bearer,no,machineId,currency,Authorization;X-Request-ID;X-Correlation-ID,200,"400,401,403,404,500",smoke,READ_ONLY,partial,no,accessToken;baseUrl;currency;machineId,writes: allow_destructive OR canaryMode OR readiness; bearer when auth=bearer,2xx per swagger,requestId; correlation; HTTP body; never log tokens,05_Machines_Provisioning_Activation,GET /v1/admin/machines/{machineId}/cashbox
87,POST,/v1/admin/machines/{machineId}/commands,DocOpV1AdminMachineCommandDispatch,Machine Admin,Dispatch new command to machine (MQTT/device pipeline),bearer,yes,machineId,,Idempotency-Key;Authorization;X-Request-ID;X-Correlation-ID,200,,canary_setup,DESTRUCTIVE_CANARY_ONLY,no,yes,accessToken;baseUrl;machineId,writes: allow_destructive OR canaryMode OR readiness; bearer when auth=bearer,2xx per swagger,requestId; correlation; HTTP body; never log tokens,05_Machines_Provisioning_Activation,POST /v1/admin/machines/{machineId}/commands
88,GET,/v1/admin/machines/{machineId}/diagnostics/bundles,DocOpV1AdminMachineDiagnosticBundlesList,Fleet,List machine diagnostic bundles,bearer,no,machineId,limit;offset,Authorization;X-Request-ID;X-Correlation-ID,200,"400,401,403,500",smoke,READ_ONLY,partial,no,accessToken;baseUrl;limit;machineId;offset,writes: allow_destructive OR canaryMode OR readiness; bearer when auth=bearer,2xx per swagger,requestId; correlation; HTTP body; never log tokens,05_Machines_Provisioning_Activation,GET /v1/admin/machines/{machineId}/diagnostics/bundles
89,POST,/v1/admin/machines/{machineId}/diagnostics/requests,DocOpV1AdminMachineDiagnosticRequest,Fleet,Request machine diagnostic bundle,bearer,no,machineId,,Idempotency-Key;Authorization;X-Request-ID;X-Correlation-ID,202,"400,401,403,404,429,502",canary_setup,DESTRUCTIVE_CANARY_ONLY,no,yes,accessToken;baseUrl;machineId,writes: allow_destructive OR canaryMode OR readiness; bearer when auth=bearer,2xx per swagger,requestId; correlation; HTTP body; never log tokens,05_Machines_Provisioning_Activation,POST /v1/admin/machines/{machineId}/diagnostics/requests
90,POST,/v1/admin/machines/{machineId}/disable,DocOpV1AdminMachineDisable,Machine Admin,Disable machine (admin),bearer,no,machineId,,Authorization;X-Request-ID;X-Correlation-ID,200,"400,401,403,404,500",canary_setup,DESTRUCTIVE_CANARY_ONLY,no,yes,accessToken;baseUrl;machineId,writes: allow_destructive OR canaryMode OR readiness; bearer when auth=bearer,2xx per swagger,requestId; correlation; HTTP body; never log tokens,05_Machines_Provisioning_Activation,POST /v1/admin/machines/{machineId}/disable
91,POST,/v1/admin/machines/{machineId}/enable,DocOpV1AdminMachineEnable,Machine Admin,Enable machine (admin),bearer,no,machineId,,Authorization;X-Request-ID;X-Correlation-ID,200,"400,401,403,404,409,500",canary_setup,DESTRUCTIVE_CANARY_ONLY,no,yes,accessToken;baseUrl;machineId,writes: allow_destructive OR canaryMode OR readiness; bearer when auth=bearer,2xx per swagger,requestId; correlation; HTTP body; never log tokens,05_Machines_Provisioning_Activation,POST /v1/admin/machines/{machineId}/enable
92,GET,/v1/admin/machines/{machineId}/health,DocOpV1AdminMachineHealth,Machine Admin,Machine health detail,bearer,no,machineId,,Authorization;X-Request-ID;X-Correlation-ID,200,,smoke,READ_ONLY,partial,no,accessToken;baseUrl;machineId,writes: allow_destructive OR canaryMode OR readiness; bearer when auth=bearer,2xx per swagger,requestId; correlation; HTTP body; never log tokens,05_Machines_Provisioning_Activation,GET /v1/admin/machines/{machineId}/health
93,GET,/v1/admin/machines/{machineId}/inventory,DocOpV1AdminMachineInventory,Inventory,Aggregate inventory by product for a machine,bearer,no,machineId,,Authorization;X-Request-ID;X-Correlation-ID,200,"400,401,403,404,500",smoke,READ_ONLY,partial,no,accessToken;baseUrl;machineId,writes: allow_destructive OR canaryMode OR readiness; bearer when auth=bearer,2xx per swagger,requestId; correlation; HTTP body; never log tokens,05_Machines_Provisioning_Activation,GET /v1/admin/machines/{machineId}/inventory
94,GET,/v1/admin/machines/{machineId}/inventory-events,DocOpV1AdminMachineInventoryEvents,Inventory,List append-only inventory ledger events for a machine,bearer,no,machineId,from;to;limit;offset,Authorization;X-Request-ID;X-Correlation-ID,200,"400,401,403,404,500",smoke,READ_ONLY,partial,no,accessToken;baseUrl;from;limit;machineId;offset;to,writes: allow_destructive OR canaryMode OR readiness; bearer when auth=bearer,2xx per swagger,requestId; correlation; HTTP body; never log tokens,05_Machines_Provisioning_Activation,GET /v1/admin/machines/{machineId}/inventory-events
95,GET,/v1/admin/machines/{machineId}/inventory/anomalies,DocOpV1AdminMachineInventoryAnomaliesList,Inventory,List inventory anomalies for one machine,bearer,no,machineId,,Authorization;X-Request-ID;X-Correlation-ID,200,,smoke,READ_ONLY,partial,no,accessToken;baseUrl;machineId,writes: allow_destructive OR canaryMode OR readiness; bearer when auth=bearer,2xx per swagger,requestId; correlation; HTTP body; never log tokens,05_Machines_Provisioning_Activation,GET /v1/admin/machines/{machineId}/inventory/anomalies
96,POST,/v1/admin/machines/{machineId}/inventory/reconcile,DocOpV1AdminMachineInventoryReconcile,Inventory,Post machine inventory reconcile adjustment,bearer,no,machineId,,Idempotency-Key;Authorization;X-Request-ID;X-Correlation-ID,200,,canary_setup,DESTRUCTIVE_CANARY_ONLY,no,yes,accessToken;baseUrl;machineId,writes: allow_destructive OR canaryMode OR readiness; bearer when auth=bearer,2xx per swagger,requestId; correlation; HTTP body; never log tokens,05_Machines_Provisioning_Activation,POST /v1/admin/machines/{machineId}/inventory/reconcile
97,POST,/v1/admin/machines/{machineId}/mark-compromised,DocOpV1AdminMachineMarkCompromised,Machine Admin,Mark machine compromised (admin),bearer,no,machineId,,Authorization;X-Request-ID;X-Correlation-ID,200,,canary_setup,DESTRUCTIVE_CANARY_ONLY,no,yes,accessToken;baseUrl;machineId,writes: allow_destructive OR canaryMode OR readiness; bearer when auth=bearer,2xx per swagger,requestId; correlation; HTTP body; never log tokens,05_Machines_Provisioning_Activation,POST /v1/admin/machines/{machineId}/mark-compromised
98,PUT,/v1/admin/machines/{machineId}/planograms/draft,DocOpV1AdminMachinePlanogramDraftPut,Machine Setup,Save draft cabinet slot planogram assignments,bearer,yes,machineId,,Authorization;X-Request-ID;X-Correlation-ID,204,"400,401,403,404,409,429,500,503",canary_setup,DESTRUCTIVE_CANARY_ONLY,no,yes,accessToken;baseUrl;machineId,writes: allow_destructive OR canaryMode OR readiness; bearer when auth=bearer,2xx per swagger,requestId; correlation; HTTP body; never log tokens,05_Machines_Provisioning_Activation,PUT /v1/admin/machines/{machineId}/planograms/draft
99,POST,/v1/admin/machines/{machineId}/planograms/publish,DocOpV1AdminMachinePlanogramPublishPost,Machine Setup,Publish draft planogram as current and dispatch device command,bearer,yes,machineId,,Authorization;X-Request-ID;X-Correlation-ID;Idempotency-Key,200,"400,401,403,404,409,429,500,503",canary_setup,DESTRUCTIVE_CANARY_ONLY,no,yes,accessToken;baseUrl;machineId,writes: allow_destructive OR canaryMode OR readiness; bearer when auth=bearer,2xx per swagger,requestId; correlation; HTTP body; never log tokens,05_Machines_Provisioning_Activation,POST /v1/admin/machines/{machineId}/planograms/publish
100,GET,/v1/admin/machines/{machineId}/refill-suggestions,DocOpV1AdminMachineRefillSuggestions,Inventory,Refill suggestions for one machine,bearer,no,machineId,site_id;machine_id;product_id;velocity_days;urgency;days_threshold;limit;offset,Authorization;X-Request-ID;X-Correlation-ID,200,"400,401,403,404,500",smoke,READ_ONLY,partial,no,accessToken;baseUrl;daysThreshold;limit;machineId;offset;productId;siteId;urgency;velocityDays,writes: allow_destructive OR canaryMode OR readiness; bearer when auth=bearer,2xx per swagger,requestId; correlation; HTTP body; never log tokens,05_Machines_Provisioning_Activation,GET /v1/admin/machines/{machineId}/refill-suggestions
101,POST,/v1/admin/machines/{machineId}/resume,DocOpV1AdminMachineResume,Machine Admin,Resume suspended machine (admin),bearer,no,machineId,,Authorization;X-Request-ID;X-Correlation-ID,200,,canary_setup,DESTRUCTIVE_CANARY_ONLY,no,yes,accessToken;baseUrl;machineId,writes: allow_destructive OR canaryMode OR readiness; bearer when auth=bearer,2xx per swagger,requestId; correlation; HTTP body; never log tokens,05_Machines_Provisioning_Activation,POST /v1/admin/machines/{machineId}/resume
102,POST,/v1/admin/machines/{machineId}/retire,DocOpV1AdminMachineRetire,Machine Admin,Retire machine (admin),bearer,no,machineId,,Authorization;X-Request-ID;X-Correlation-ID,200,"400,401,403,404,500",canary_setup,DESTRUCTIVE_CANARY_ONLY,no,yes,accessToken;baseUrl;machineId,writes: allow_destructive OR canaryMode OR readiness; bearer when auth=bearer,2xx per swagger,requestId; correlation; HTTP body; never log tokens,05_Machines_Provisioning_Activation,POST /v1/admin/machines/{machineId}/retire
103,POST,/v1/admin/machines/{machineId}/revoke-credentials,DocOpV1AdminMachineRevokeCredentials,Machine Admin,Revoke machine credential material (admin),bearer,no,machineId,,Authorization;X-Request-ID;X-Correlation-ID,200,,regression,DANGEROUS_PRODUCTION_DO_NOT_RUN,no,yes,accessToken;baseUrl;machineId,writes: allow_destructive OR canaryMode OR readiness; bearer when auth=bearer,2xx per swagger,requestId; correlation; HTTP body; never log tokens,05_Machines_Provisioning_Activation,POST /v1/admin/machines/{machineId}/revoke-credentials
104,POST,/v1/admin/machines/{machineId}/revoke-sessions,DocOpV1AdminMachineRevokeSessions,Machine Admin,Revoke interactive sessions for machine technicians/operators (admin),bearer,no,machineId,,Authorization;X-Request-ID;X-Correlation-ID,204,,regression,DANGEROUS_PRODUCTION_DO_NOT_RUN,no,yes,accessToken;baseUrl;machineId,writes: allow_destructive OR canaryMode OR readiness; bearer when auth=bearer,2xx per swagger,requestId; correlation; HTTP body; never log tokens,05_Machines_Provisioning_Activation,POST /v1/admin/machines/{machineId}/revoke-sessions
105,POST,/v1/admin/machines/{machineId}/revoke-token,DocOpV1AdminMachineRevokeToken,Machine Admin,Revoke machine tokens (alias path),bearer,no,machineId,,Authorization;X-Request-ID;X-Correlation-ID,200,,regression,DANGEROUS_PRODUCTION_DO_NOT_RUN,no,yes,accessToken;baseUrl;machineId,writes: allow_destructive OR canaryMode OR readiness; bearer when auth=bearer,2xx per swagger,requestId; correlation; HTTP body; never log tokens,05_Machines_Provisioning_Activation,POST /v1/admin/machines/{machineId}/revoke-token
106,POST,/v1/admin/machines/{machineId}/rotate-credential,DocOpV1AdminMachineRotateCredential,Machine Admin,Rotate machine credential (admin),bearer,no,machineId,,Authorization;X-Request-ID;X-Correlation-ID,200,"400,401,403,404,500",canary_setup,DESTRUCTIVE_CANARY_ONLY,no,yes,accessToken;baseUrl;machineId,writes: allow_destructive OR canaryMode OR readiness; bearer when auth=bearer,2xx per swagger,requestId; correlation; HTTP body; never log tokens,05_Machines_Provisioning_Activation,POST /v1/admin/machines/{machineId}/rotate-credential
107,POST,/v1/admin/machines/{machineId}/rotate-credentials,DocOpV1AdminMachineRotateCredentials,Machine Admin,Rotate machine credential (plural alias),bearer,no,machineId,,Authorization;X-Request-ID;X-Correlation-ID,200,,canary_setup,DESTRUCTIVE_CANARY_ONLY,no,yes,accessToken;baseUrl;machineId,writes: allow_destructive OR canaryMode OR readiness; bearer when auth=bearer,2xx per swagger,requestId; correlation; HTTP body; never log tokens,05_Machines_Provisioning_Activation,POST /v1/admin/machines/{machineId}/rotate-credentials
108,POST,/v1/admin/machines/{machineId}/rotate-token-version,DocOpV1AdminMachineRotateTokenVersion,Machine Admin,Bump credential version / rotate token (admin),bearer,no,machineId,,Authorization;X-Request-ID;X-Correlation-ID,200,,canary_setup,DESTRUCTIVE_CANARY_ONLY,no,yes,accessToken;baseUrl;machineId,writes: allow_destructive OR canaryMode OR readiness; bearer when auth=bearer,2xx per swagger,requestId; correlation; HTTP body; never log tokens,05_Machines_Provisioning_Activation,POST /v1/admin/machines/{machineId}/rotate-token-version
109,GET,/v1/admin/machines/{machineId}/slots,DocOpV1AdminMachineSlots,Inventory,List live slot inventory for a machine (restock / cycle-count UI),bearer,no,machineId,,Authorization;X-Request-ID;X-Correlation-ID,200,"400,401,403,404,500",smoke,READ_ONLY,partial,no,accessToken;baseUrl;machineId,writes: allow_destructive OR canaryMode OR readiness; bearer when auth=bearer,2xx per swagger,requestId; correlation; HTTP body; never log tokens,05_Machines_Provisioning_Activation,GET /v1/admin/machines/{machineId}/slots
110,POST,/v1/admin/machines/{machineId}/stock-adjustments,DocOpV1AdminMachineStockAdjustmentsPost,Inventory,"Apply stock adjustments (restock, cycle count, manual, reconcile)",bearer,yes,machineId,,Authorization;X-Request-ID;X-Correlation-ID;Idempotency-Key,200,"400,401,403,404,409,429,500",canary_setup,DESTRUCTIVE_CANARY_ONLY,no,yes,accessToken;baseUrl;machineId,writes: allow_destructive OR canaryMode OR readiness; bearer when auth=bearer,2xx per swagger,requestId; correlation; HTTP body; never log tokens,05_Machines_Provisioning_Activation,POST /v1/admin/machines/{machineId}/stock-adjustments
111,POST,/v1/admin/machines/{machineId}/suspend,DocOpV1AdminMachineSuspend,Machine Admin,Suspend machine (admin),bearer,no,machineId,,Authorization;X-Request-ID;X-Correlation-ID,200,,canary_setup,DESTRUCTIVE_CANARY_ONLY,no,yes,accessToken;baseUrl;machineId,writes: allow_destructive OR canaryMode OR readiness; bearer when auth=bearer,2xx per swagger,requestId; correlation; HTTP body; never log tokens,05_Machines_Provisioning_Activation,POST /v1/admin/machines/{machineId}/suspend
112,POST,/v1/admin/machines/{machineId}/sync,DocOpV1AdminMachineSetupSyncPost,Machine Setup,Queue a machine setup / inventory sync command,bearer,yes,machineId,,Authorization;X-Request-ID;X-Correlation-ID;Idempotency-Key,200,"400,401,403,404,409,429,500,503",canary_setup,DESTRUCTIVE_CANARY_ONLY,no,yes,accessToken;baseUrl;machineId,writes: allow_destructive OR canaryMode OR readiness; bearer when auth=bearer,2xx per swagger,requestId; correlation; HTTP body; never log tokens,05_Machines_Provisioning_Activation,POST /v1/admin/machines/{machineId}/sync
113,GET,/v1/admin/machines/{machineId}/technicians,DocOpV1AdminMachineTechniciansOnMachineList,Machine Admin,List technicians assigned to a machine,bearer,no,machineId,,Authorization;X-Request-ID;X-Correlation-ID,200,,smoke,READ_ONLY,partial,no,accessToken;baseUrl;machineId,writes: allow_destructive OR canaryMode OR readiness; bearer when auth=bearer,2xx per swagger,requestId; correlation; HTTP body; never log tokens,05_Machines_Provisioning_Activation,GET /v1/admin/machines/{machineId}/technicians
114,POST,/v1/admin/machines/{machineId}/technicians,DocOpV1AdminMachineTechnicianAssign,Machine Admin,Assign technician user to machine,bearer,yes,machineId,,Authorization;X-Request-ID;X-Correlation-ID,201,,canary_setup,DESTRUCTIVE_CANARY_ONLY,no,yes,accessToken;baseUrl;machineId,writes: allow_destructive OR canaryMode OR readiness; bearer when auth=bearer,2xx per swagger,requestId; correlation; HTTP body; never log tokens,05_Machines_Provisioning_Activation,POST /v1/admin/machines/{machineId}/technicians
115,DELETE,/v1/admin/machines/{machineId}/technicians/{userId},DocOpV1AdminMachineTechnicianRemove,Machine Admin,Remove technician assignment from machine by user id,bearer,no,machineId;userId,,Authorization;X-Request-ID;X-Correlation-ID,204,,regression,DANGEROUS_PRODUCTION_DO_NOT_RUN,no,yes,accessToken;baseUrl;machineId;userId,writes: allow_destructive OR canaryMode OR readiness; bearer when auth=bearer,2xx per swagger,requestId; correlation; HTTP body; never log tokens,05_Machines_Provisioning_Activation,DELETE /v1/admin/machines/{machineId}/technicians/{userId}
116,GET,/v1/admin/machines/{machineId}/timeline,DocOpV1AdminMachineTimeline,Machine Admin,Machine operational timeline,bearer,no,machineId,,Authorization;X-Request-ID;X-Correlation-ID,200,,smoke,READ_ONLY,partial,no,accessToken;baseUrl;machineId,writes: allow_destructive OR canaryMode OR readiness; bearer when auth=bearer,2xx per swagger,requestId; correlation; HTTP body; never log tokens,05_Machines_Provisioning_Activation,GET /v1/admin/machines/{machineId}/timeline
117,PUT,/v1/admin/machines/{machineId}/topology,DocOpV1AdminMachineTopologyPut,Machine Setup,Upsert machine cabinet topology and slot layouts,bearer,yes,machineId,,Authorization;X-Request-ID;X-Correlation-ID,204,"400,401,403,404,409,429,500,503",canary_setup,DESTRUCTIVE_CANARY_ONLY,no,yes,accessToken;baseUrl;machineId,writes: allow_destructive OR canaryMode OR readiness; bearer when auth=bearer,2xx per swagger,requestId; correlation; HTTP body; never log tokens,05_Machines_Provisioning_Activation,PUT /v1/admin/machines/{machineId}/topology
118,POST,/v1/admin/machines/{machineId}/transfer-site,DocOpV1AdminMachineTransferSite,Machine Admin,Move machine to another site (admin),bearer,yes,machineId,,Authorization;X-Request-ID;X-Correlation-ID,200,,canary_setup,DESTRUCTIVE_CANARY_ONLY,no,yes,accessToken;baseUrl;machineId,writes: allow_destructive OR canaryMode OR readiness; bearer when auth=bearer,2xx per swagger,requestId; correlation; HTTP body; never log tokens,05_Machines_Provisioning_Activation,POST /v1/admin/machines/{machineId}/transfer-site
119,GET,/v1/admin/media,DocOpV1AdminMediaList,Catalog Admin,List media assets (alias path),bearer,no,,,Authorization;X-Request-ID;X-Correlation-ID,200,,smoke,READ_ONLY,partial,no,accessToken;baseUrl,writes: allow_destructive OR canaryMode OR readiness; bearer when auth=bearer,2xx per swagger,requestId; correlation; HTTP body; never log tokens,17_Negative_Security_Idempotency,GET /v1/admin/media
120,GET,/v1/admin/media/assets,DocOpV1AdminMediaAssetsList,Catalog Admin,List media assets (admin),bearer,no,,limit;offset,Authorization;X-Request-ID;X-Correlation-ID,200,401,smoke,READ_ONLY,partial,no,accessToken;baseUrl;limit;offset,writes: allow_destructive OR canaryMode OR readiness; bearer when auth=bearer,2xx per swagger,requestId; correlation; HTTP body; never log tokens,17_Negative_Security_Idempotency,GET /v1/admin/media/assets
121,POST,/v1/admin/media/assets,DocOpV1AdminMediaAssetsCreate,Catalog Admin,Start enterprise media asset upload,bearer,yes,,,Authorization;X-Request-ID;X-Correlation-ID;Idempotency-Key,200,"400,401,403,503",canary_admin,DESTRUCTIVE_CANARY_ONLY,no,yes,accessToken;baseUrl,writes: allow_destructive OR canaryMode OR readiness; bearer when auth=bearer,2xx per swagger,requestId; correlation; HTTP body; never log tokens,17_Negative_Security_Idempotency,POST /v1/admin/media/assets
122,DELETE,/v1/admin/media/assets/{mediaId},DocOpV1AdminMediaAssetDelete,Catalog Admin,Delete media asset (admin),bearer,no,mediaId,,Authorization;X-Request-ID;X-Correlation-ID;Idempotency-Key,204,404,regression,DANGEROUS_PRODUCTION_DO_NOT_RUN,no,yes,accessToken;baseUrl;mediaId,writes: allow_destructive OR canaryMode OR readiness; bearer when auth=bearer,2xx per swagger,requestId; correlation; HTTP body; never log tokens,17_Negative_Security_Idempotency,DELETE /v1/admin/media/assets/{mediaId}
123,GET,/v1/admin/media/assets/{mediaId},DocOpV1AdminMediaAssetGet,Catalog Admin,Get one media asset by id (admin),bearer,no,mediaId,,Authorization;X-Request-ID;X-Correlation-ID,200,404,smoke,READ_ONLY,partial,no,accessToken;baseUrl;mediaId,writes: allow_destructive OR canaryMode OR readiness; bearer when auth=bearer,2xx per swagger,requestId; correlation; HTTP body; never log tokens,17_Negative_Security_Idempotency,GET /v1/admin/media/assets/{mediaId}
124,POST,/v1/admin/media/external-images,DocOpV1AdminExternalProductImageRegister,Catalog Admin,Register external product image URL,bearer,yes,,,Authorization;X-Request-ID;X-Correlation-ID,"200,201","400,401,403,503",canary_admin,DESTRUCTIVE_CANARY_ONLY,no,yes,accessToken;baseUrl,writes: allow_destructive OR canaryMode OR readiness; bearer when auth=bearer,2xx per swagger,requestId; correlation; HTTP body; never log tokens,17_Negative_Security_Idempotency,POST /v1/admin/media/external-images
125,POST,/v1/admin/media/uploads,DocOpV1AdminMediaUploadInit,Catalog Admin,Start enterprise media upload (presigned PUT),bearer,yes,,,Authorization;X-Request-ID;X-Correlation-ID;Idempotency-Key,200,"400,401,403,503",canary_admin,DESTRUCTIVE_CANARY_ONLY,no,yes,accessToken;baseUrl,writes: allow_destructive OR canaryMode OR readiness; bearer when auth=bearer,2xx per swagger,requestId; correlation; HTTP body; never log tokens,17_Negative_Security_Idempotency,POST /v1/admin/media/uploads
126,POST,/v1/admin/media/uploads/init,DocOpV1AdminMediaUploadInitV2,Catalog Admin,Start enterprise media upload (camelCase contract),bearer,yes,,,Authorization;X-Request-ID;X-Correlation-ID;Idempotency-Key,200,"400,401,403,503",canary_admin,DESTRUCTIVE_CANARY_ONLY,no,yes,accessToken;baseUrl,writes: allow_destructive OR canaryMode OR readiness; bearer when auth=bearer,2xx per swagger,requestId; correlation; HTTP body; never log tokens,17_Negative_Security_Idempotency,POST /v1/admin/media/uploads/init
127,POST,/v1/admin/media/uploads/{mediaId}/complete,DocOpV1AdminMediaUploadCompleteUploadsPrefix,Catalog Admin,Finalize media upload (uploads/{mediaId}/complete alias),bearer,yes,mediaId,,Authorization;X-Request-ID;X-Correlation-ID;Idempotency-Key,200,"400,401,403,404,409",canary_admin,DESTRUCTIVE_CANARY_ONLY,no,yes,accessToken;baseUrl;mediaId,writes: allow_destructive OR canaryMode OR readiness; bearer when auth=bearer,2xx per swagger,requestId; correlation; HTTP body; never log tokens,17_Negative_Security_Idempotency,POST /v1/admin/media/uploads/{mediaId}/complete
128,DELETE,/v1/admin/media/{mediaId},DocOpV1AdminMediaDelete,Catalog Admin,Delete media asset (alias path),bearer,no,mediaId,,Authorization;X-Request-ID;X-Correlation-ID;Idempotency-Key,204,,regression,DANGEROUS_PRODUCTION_DO_NOT_RUN,no,yes,accessToken;baseUrl;mediaId,writes: allow_destructive OR canaryMode OR readiness; bearer when auth=bearer,2xx per swagger,requestId; correlation; HTTP body; never log tokens,17_Negative_Security_Idempotency,DELETE /v1/admin/media/{mediaId}
129,GET,/v1/admin/media/{mediaId},DocOpV1AdminMediaGet,Catalog Admin,Get media asset (alias path),bearer,no,mediaId,,Authorization;X-Request-ID;X-Correlation-ID,200,,smoke,READ_ONLY,partial,no,accessToken;baseUrl;mediaId,writes: allow_destructive OR canaryMode OR readiness; bearer when auth=bearer,2xx per swagger,requestId; correlation; HTTP body; never log tokens,17_Negative_Security_Idempotency,GET /v1/admin/media/{mediaId}
130,POST,/v1/admin/media/{mediaId}/complete,DocOpV1AdminMediaUploadComplete,Catalog Admin,Finalize media upload (variants + ready),bearer,yes,mediaId,,Authorization;X-Request-ID;X-Correlation-ID;Idempotency-Key,200,"400,401,403,404,409",canary_admin,DESTRUCTIVE_CANARY_ONLY,no,yes,accessToken;baseUrl;mediaId,writes: allow_destructive OR canaryMode OR readiness; bearer when auth=bearer,2xx per swagger,requestId; correlation; HTTP body; never log tokens,17_Negative_Security_Idempotency,POST /v1/admin/media/{mediaId}/complete
131,GET,/v1/admin/operations/machines/health,DocOpV1AdminOperationsMachinesHealth,Machine Admin,Fleet machine health snapshot list,bearer,no,,,Authorization;X-Request-ID;X-Correlation-ID,200,,smoke,READ_ONLY,partial,no,accessToken;baseUrl,writes: allow_destructive OR canaryMode OR readiness; bearer when auth=bearer,2xx per swagger,requestId; correlation; HTTP body; never log tokens,05_Machines_Provisioning_Activation,GET /v1/admin/operations/machines/health
132,GET,/v1/admin/ops/outbox,DocOpV1AdminOutboxOpsGet,Platform Ops,List transactional outbox rows and pipeline stats,bearer,no,,limit;offset,Authorization;X-Request-ID;X-Correlation-ID,200,"401,403,500",smoke,READ_ONLY,partial,no,accessToken;baseUrl;limit;offset,writes: allow_destructive OR canaryMode OR readiness; bearer when auth=bearer,2xx per swagger,requestId; correlation; HTTP body; never log tokens,17_Negative_Security_Idempotency,GET /v1/admin/ops/outbox
133,POST,/v1/admin/ops/outbox/{outboxId}/retry,DocOpV1AdminOutboxRetry,Platform Ops,Reset a dead-lettered outbox row for retry,bearer,no,outboxId,,Authorization;X-Request-ID;X-Correlation-ID,200,"400,401,403,500",canary_admin,DESTRUCTIVE_CANARY_ONLY,no,yes,accessToken;baseUrl;outboxId,writes: allow_destructive OR canaryMode OR readiness; bearer when auth=bearer,2xx per swagger,requestId; correlation; HTTP body; never log tokens,17_Negative_Security_Idempotency,POST /v1/admin/ops/outbox/{outboxId}/retry
134,GET,/v1/admin/ops/retention,DocOpV1AdminRetentionOpsGet,Platform Ops,Show retention table visibility,bearer,no,,,Authorization;X-Request-ID;X-Correlation-ID,200,"401,403,500",smoke,READ_ONLY,partial,no,accessToken;baseUrl,writes: allow_destructive OR canaryMode OR readiness; bearer when auth=bearer,2xx per swagger,requestId; correlation; HTTP body; never log tokens,17_Negative_Security_Idempotency,GET /v1/admin/ops/retention
135,POST,/v1/admin/orders/{orderId}/refunds,DocOpV1AdminCommerceOrderRefundPost,Commerce,Create refund request + ledger refund (admin scoped),bearer,yes,orderId,,Idempotency-Key;Authorization;X-Request-ID;X-Correlation-ID,200,"400,401,403,404,409,500",regression,DANGEROUS_PRODUCTION_DO_NOT_RUN,no,yes,accessToken;baseUrl;orderId,writes: allow_destructive OR canaryMode OR readiness; bearer when auth=bearer,2xx per swagger,requestId; correlation; HTTP body; never log tokens,10_Vending_Sale_Refund_Failure,POST /v1/admin/orders/{orderId}/refunds
136,GET,/v1/admin/orders/{orderId}/timeline,DocOpV1AdminCommerceOrderTimelineGet,Commerce,List commerce order timeline events,bearer,no,orderId,limit;offset,Authorization;X-Request-ID;X-Correlation-ID,200,"400,401,403,404,500",smoke,READ_ONLY,partial,no,accessToken;baseUrl;limit;offset;orderId,writes: allow_destructive OR canaryMode OR readiness; bearer when auth=bearer,2xx per swagger,requestId; correlation; HTTP body; never log tokens,08_Commerce_Order_Checkout,GET /v1/admin/orders/{orderId}/timeline
137,GET,/v1/admin/ota,DocOpV1AdminOTAList,Machine Admin,List OTA campaigns (admin),bearer,no,,status;from;to;limit;offset,Authorization;X-Request-ID;X-Correlation-ID,200,"400,401,403,500",smoke,READ_ONLY,partial,no,accessToken;baseUrl;from;limit;offset;status;to,writes: allow_destructive OR canaryMode OR readiness; bearer when auth=bearer,2xx per swagger,requestId; correlation; HTTP body; never log tokens,05_Machines_Provisioning_Activation,GET /v1/admin/ota
138,GET,/v1/admin/ota/campaigns,DocOpV1AdminOTACampaignsList,Machine Admin,List OTA campaigns (lifecycle admin),bearer,no,,status;from;to;limit;offset,Authorization;X-Request-ID;X-Correlation-ID,200,"400,401,403,500",smoke,READ_ONLY,partial,no,accessToken;baseUrl;from;limit;offset;status;to,writes: allow_destructive OR canaryMode OR readiness; bearer when auth=bearer,2xx per swagger,requestId; correlation; HTTP body; never log tokens,05_Machines_Provisioning_Activation,GET /v1/admin/ota/campaigns
139,POST,/v1/admin/ota/campaigns,DocOpV1AdminOTACampaignCreate,Machine Admin,Create OTA campaign (draft),bearer,yes,,,Idempotency-Key;Authorization;X-Request-ID;X-Correlation-ID,201,"400,401,403,429,500",canary_admin,DESTRUCTIVE_CANARY_ONLY,no,yes,accessToken;baseUrl,writes: allow_destructive OR canaryMode OR readiness; bearer when auth=bearer,2xx per swagger,requestId; correlation; HTTP body; never log tokens,05_Machines_Provisioning_Activation,POST /v1/admin/ota/campaigns
140,GET,/v1/admin/ota/campaigns/{campaignId},DocOpV1AdminOTACampaignGet,Machine Admin,Get OTA campaign detail,bearer,no,campaignId,,Authorization;X-Request-ID;X-Correlation-ID,200,"400,401,403,404,500",smoke,READ_ONLY,partial,no,accessToken;baseUrl;campaignId,writes: allow_destructive OR canaryMode OR readiness; bearer when auth=bearer,2xx per swagger,requestId; correlation; HTTP body; never log tokens,05_Machines_Provisioning_Activation,GET /v1/admin/ota/campaigns/{campaignId}
141,PATCH,/v1/admin/ota/campaigns/{campaignId},DocOpV1AdminOTACampaignPatch,Machine Admin,Patch draft/approved OTA campaign,bearer,yes,campaignId,,Idempotency-Key;Authorization;X-Request-ID;X-Correlation-ID,200,"400,401,403,409,429,500",canary_admin,DESTRUCTIVE_CANARY_ONLY,no,yes,accessToken;baseUrl;campaignId,writes: allow_destructive OR canaryMode OR readiness; bearer when auth=bearer,2xx per swagger,requestId; correlation; HTTP body; never log tokens,05_Machines_Provisioning_Activation,PATCH /v1/admin/ota/campaigns/{campaignId}
142,POST,/v1/admin/ota/campaigns/{campaignId}/approve,DocOpV1AdminOTACampaignApprove,Machine Admin,Approve OTA campaign,bearer,no,campaignId,,Idempotency-Key;Authorization;X-Request-ID;X-Correlation-ID,200,"400,401,403,409,429,500",canary_admin,DESTRUCTIVE_CANARY_ONLY,no,yes,accessToken;baseUrl;campaignId,writes: allow_destructive OR canaryMode OR readiness; bearer when auth=bearer,2xx per swagger,requestId; correlation; HTTP body; never log tokens,05_Machines_Provisioning_Activation,POST /v1/admin/ota/campaigns/{campaignId}/approve
143,POST,/v1/admin/ota/campaigns/{campaignId}/cancel,DocOpV1AdminOTACampaignCancel,Machine Admin,Cancel OTA campaign,bearer,no,campaignId,,Idempotency-Key;Authorization;X-Request-ID;X-Correlation-ID,200,"400,401,403,409,429,500",canary_admin,DESTRUCTIVE_CANARY_ONLY,no,yes,accessToken;baseUrl;campaignId,writes: allow_destructive OR canaryMode OR readiness; bearer when auth=bearer,2xx per swagger,requestId; correlation; HTTP body; never log tokens,05_Machines_Provisioning_Activation,POST /v1/admin/ota/campaigns/{campaignId}/cancel
144,POST,/v1/admin/ota/campaigns/{campaignId}/pause,DocOpV1AdminOTACampaignPause,Machine Admin,Pause active rollout,bearer,no,campaignId,,Idempotency-Key;Authorization;X-Request-ID;X-Correlation-ID,200,"400,401,403,409,429,500",canary_admin,DESTRUCTIVE_CANARY_ONLY,no,yes,accessToken;baseUrl;campaignId,writes: allow_destructive OR canaryMode OR readiness; bearer when auth=bearer,2xx per swagger,requestId; correlation; HTTP body; never log tokens,05_Machines_Provisioning_Activation,POST /v1/admin/ota/campaigns/{campaignId}/pause
145,POST,/v1/admin/ota/campaigns/{campaignId}/publish,DocOpV1AdminOTACampaignPublish,Machine Admin,Publish OTA campaign (approve + start when needed),bearer,no,campaignId,,Idempotency-Key;Authorization;X-Request-ID;X-Correlation-ID,200,"400,401,403,409,429,500",canary_admin,DESTRUCTIVE_CANARY_ONLY,no,yes,accessToken;baseUrl;campaignId,writes: allow_destructive OR canaryMode OR readiness; bearer when auth=bearer,2xx per swagger,requestId; correlation; HTTP body; never log tokens,05_Machines_Provisioning_Activation,POST /v1/admin/ota/campaigns/{campaignId}/publish
146,GET,/v1/admin/ota/campaigns/{campaignId}/results,DocOpV1AdminOTACampaignResultsGet,Machine Admin,List campaign machine rollout results,bearer,no,campaignId,,Authorization;X-Request-ID;X-Correlation-ID,200,"400,401,403,404,500",smoke,READ_ONLY,partial,no,accessToken;baseUrl;campaignId,writes: allow_destructive OR canaryMode OR readiness; bearer when auth=bearer,2xx per swagger,requestId; correlation; HTTP body; never log tokens,05_Machines_Provisioning_Activation,GET /v1/admin/ota/campaigns/{campaignId}/results
147,POST,/v1/admin/ota/campaigns/{campaignId}/resume,DocOpV1AdminOTACampaignResume,Machine Admin,Resume paused rollout (remaining machines),bearer,no,campaignId,,Idempotency-Key;Authorization;X-Request-ID;X-Correlation-ID,200,"400,401,403,409,429,500",canary_admin,DESTRUCTIVE_CANARY_ONLY,no,yes,accessToken;baseUrl;campaignId,writes: allow_destructive OR canaryMode OR readiness; bearer when auth=bearer,2xx per swagger,requestId; correlation; HTTP body; never log tokens,05_Machines_Provisioning_Activation,POST /v1/admin/ota/campaigns/{campaignId}/resume
148,POST,/v1/admin/ota/campaigns/{campaignId}/rollback,DocOpV1AdminOTACampaignRollback,Machine Admin,Rollback OTA campaign (dispatch rollback commands),bearer,yes,campaignId,,Idempotency-Key;Authorization;X-Request-ID;X-Correlation-ID,200,"400,401,403,409,429,500",canary_admin,DESTRUCTIVE_CANARY_ONLY,no,yes,accessToken;baseUrl;campaignId,writes: allow_destructive OR canaryMode OR readiness; bearer when auth=bearer,2xx per swagger,requestId; correlation; HTTP body; never log tokens,05_Machines_Provisioning_Activation,POST /v1/admin/ota/campaigns/{campaignId}/rollback
149,POST,/v1/admin/ota/campaigns/{campaignId}/start,DocOpV1AdminOTACampaignStart,Machine Admin,Start OTA rollout (canary first wave),bearer,no,campaignId,,Idempotency-Key;Authorization;X-Request-ID;X-Correlation-ID,200,"400,401,403,409,429,500",canary_admin,DESTRUCTIVE_CANARY_ONLY,no,yes,accessToken;baseUrl;campaignId,writes: allow_destructive OR canaryMode OR readiness; bearer when auth=bearer,2xx per swagger,requestId; correlation; HTTP body; never log tokens,05_Machines_Provisioning_Activation,POST /v1/admin/ota/campaigns/{campaignId}/start
150,GET,/v1/admin/ota/campaigns/{campaignId}/targets,DocOpV1AdminOTACampaignTargetsGet,Machine Admin,List campaign machine targets,bearer,no,campaignId,,Authorization;X-Request-ID;X-Correlation-ID,200,"400,401,403,404,500",smoke,READ_ONLY,partial,no,accessToken;baseUrl;campaignId,writes: allow_destructive OR canaryMode OR readiness; bearer when auth=bearer,2xx per swagger,requestId; correlation; HTTP body; never log tokens,05_Machines_Provisioning_Activation,GET /v1/admin/ota/campaigns/{campaignId}/targets
151,PUT,/v1/admin/ota/campaigns/{campaignId}/targets,DocOpV1AdminOTACampaignTargetsPut,Machine Admin,Replace campaign machine targets (draft/approved only),bearer,yes,campaignId,,Idempotency-Key;Authorization;X-Request-ID;X-Correlation-ID,204,"400,401,403,409,429,500",canary_admin,DESTRUCTIVE_CANARY_ONLY,no,yes,accessToken;baseUrl;campaignId,writes: allow_destructive OR canaryMode OR readiness; bearer when auth=bearer,2xx per swagger,requestId; correlation; HTTP body; never log tokens,05_Machines_Provisioning_Activation,PUT /v1/admin/ota/campaigns/{campaignId}/targets
152,GET,/v1/admin/planograms,DocOpV1AdminPlanogramsList,Catalog Admin,List planograms (admin catalog),bearer,no,,limit;offset,Authorization;X-Request-ID;X-Correlation-ID,200,"400,401,403,500",smoke,READ_ONLY,partial,no,accessToken;baseUrl;limit;offset,writes: allow_destructive OR canaryMode OR readiness; bearer when auth=bearer,2xx per swagger,requestId; correlation; HTTP body; never log tokens,06_Planograms_Slots_Assortment,GET /v1/admin/planograms
153,GET,/v1/admin/planograms/{planogramId},DocOpV1AdminPlanogramGet,Catalog Admin,Get planogram detail with slots,bearer,no,planogramId,,Authorization;X-Request-ID;X-Correlation-ID,200,"400,401,403,404,500",smoke,READ_ONLY,partial,no,accessToken;baseUrl;planogramId,writes: allow_destructive OR canaryMode OR readiness; bearer when auth=bearer,2xx per swagger,requestId; correlation; HTTP body; never log tokens,06_Planograms_Slots_Assortment,GET /v1/admin/planograms/{planogramId}
154,GET,/v1/admin/price-books,DocOpV1AdminPriceBooksList,Catalog Admin,List price books (admin catalog),bearer,no,,limit;offset;include_inactive,Authorization;X-Request-ID;X-Correlation-ID,200,"400,401,403,500",smoke,READ_ONLY,partial,no,accessToken;baseUrl;includeInactive;limit;offset,writes: allow_destructive OR canaryMode OR readiness; bearer when auth=bearer,2xx per swagger,requestId; correlation; HTTP body; never log tokens,17_Negative_Security_Idempotency,GET /v1/admin/price-books
155,POST,/v1/admin/price-books,DocOpV1AdminPriceBookCreate,Catalog Admin,Create price book,bearer,yes,,,Authorization;X-Request-ID;X-Correlation-ID;Idempotency-Key,200,,canary_admin,DESTRUCTIVE_CANARY_ONLY,no,yes,accessToken;baseUrl,writes: allow_destructive OR canaryMode OR readiness; bearer when auth=bearer,2xx per swagger,requestId; correlation; HTTP body; never log tokens,17_Negative_Security_Idempotency,POST /v1/admin/price-books
156,GET,/v1/admin/price-books/{priceBookId},DocOpV1AdminPriceBookGet,Catalog Admin,Get price book by ID,bearer,no,priceBookId,,Authorization;X-Request-ID;X-Correlation-ID,200,404,smoke,READ_ONLY,partial,no,accessToken;baseUrl;priceBookId,writes: allow_destructive OR canaryMode OR readiness; bearer when auth=bearer,2xx per swagger,requestId; correlation; HTTP body; never log tokens,17_Negative_Security_Idempotency,GET /v1/admin/price-books/{priceBookId}
157,PATCH,/v1/admin/price-books/{priceBookId},DocOpV1AdminPriceBookPatch,Catalog Admin,Patch price book,bearer,yes,priceBookId,,Authorization;X-Request-ID;X-Correlation-ID;Idempotency-Key,200,,canary_admin,DESTRUCTIVE_CANARY_ONLY,no,yes,accessToken;baseUrl;priceBookId,writes: allow_destructive OR canaryMode OR readiness; bearer when auth=bearer,2xx per swagger,requestId; correlation; HTTP body; never log tokens,17_Negative_Security_Idempotency,PATCH /v1/admin/price-books/{priceBookId}
158,POST,/v1/admin/price-books/{priceBookId}/activate,DocOpV1AdminPriceBookActivate,Catalog Admin,Activate price book,bearer,no,priceBookId,,Idempotency-Key;Authorization;X-Request-ID;X-Correlation-ID,200,"400,401,403,429,500",canary_admin,DESTRUCTIVE_CANARY_ONLY,no,yes,accessToken;baseUrl;priceBookId,writes: allow_destructive OR canaryMode OR readiness; bearer when auth=bearer,2xx per swagger,requestId; correlation; HTTP body; never log tokens,17_Negative_Security_Idempotency,POST /v1/admin/price-books/{priceBookId}/activate
159,POST,/v1/admin/price-books/{priceBookId}/archive,DocOpV1AdminPriceBookArchive,Catalog Admin,Archive price book (deactivate),bearer,no,priceBookId,,Idempotency-Key;Authorization;X-Request-ID;X-Correlation-ID,200,"400,401,403,429,500",canary_admin,DESTRUCTIVE_CANARY_ONLY,no,yes,accessToken;baseUrl;priceBookId,writes: allow_destructive OR canaryMode OR readiness; bearer when auth=bearer,2xx per swagger,requestId; correlation; HTTP body; never log tokens,17_Negative_Security_Idempotency,POST /v1/admin/price-books/{priceBookId}/archive
160,POST,/v1/admin/price-books/{priceBookId}/assign-target,DocOpV1AdminPriceBookAssignTarget,Catalog Admin,Assign company price book to machine or site,bearer,yes,priceBookId,,Authorization;X-Request-ID;X-Correlation-ID;Idempotency-Key,200,,canary_admin,DESTRUCTIVE_CANARY_ONLY,no,yes,accessToken;baseUrl;priceBookId,writes: allow_destructive OR canaryMode OR readiness; bearer when auth=bearer,2xx per swagger,requestId; correlation; HTTP body; never log tokens,17_Negative_Security_Idempotency,POST /v1/admin/price-books/{priceBookId}/assign-target
161,POST,/v1/admin/price-books/{priceBookId}/deactivate,DocOpV1AdminPriceBookDeactivate,Catalog Admin,Deactivate price book,bearer,no,priceBookId,,Authorization;X-Request-ID;X-Correlation-ID;Idempotency-Key,200,,canary_admin,DESTRUCTIVE_CANARY_ONLY,no,yes,accessToken;baseUrl;priceBookId,writes: allow_destructive OR canaryMode OR readiness; bearer when auth=bearer,2xx per swagger,requestId; correlation; HTTP body; never log tokens,17_Negative_Security_Idempotency,POST /v1/admin/price-books/{priceBookId}/deactivate
162,GET,/v1/admin/price-books/{priceBookId}/items,DocOpV1AdminPriceBookItemsGet,Catalog Admin,List price book items,bearer,no,priceBookId,,Authorization;X-Request-ID;X-Correlation-ID,200,,smoke,READ_ONLY,partial,no,accessToken;baseUrl;priceBookId,writes: allow_destructive OR canaryMode OR readiness; bearer when auth=bearer,2xx per swagger,requestId; correlation; HTTP body; never log tokens,17_Negative_Security_Idempotency,GET /v1/admin/price-books/{priceBookId}/items
163,PUT,/v1/admin/price-books/{priceBookId}/items,DocOpV1AdminPriceBookItemsPut,Catalog Admin,Replace price book items,bearer,yes,priceBookId,,Authorization;X-Request-ID;X-Correlation-ID;Idempotency-Key,204,"400,401,403,500",canary_admin,DESTRUCTIVE_CANARY_ONLY,no,yes,accessToken;baseUrl;priceBookId,writes: allow_destructive OR canaryMode OR readiness; bearer when auth=bearer,2xx per swagger,requestId; correlation; HTTP body; never log tokens,17_Negative_Security_Idempotency,PUT /v1/admin/price-books/{priceBookId}/items
164,DELETE,/v1/admin/price-books/{priceBookId}/items/{productId},DocOpV1AdminPriceBookItemDelete,Catalog Admin,Delete price book item,bearer,no,priceBookId;productId,,Authorization;X-Request-ID;X-Correlation-ID;Idempotency-Key,204,"400,401,403,404,500",regression,DANGEROUS_PRODUCTION_DO_NOT_RUN,no,yes,accessToken;baseUrl;priceBookId;productId,writes: allow_destructive OR canaryMode OR readiness; bearer when auth=bearer,2xx per swagger,requestId; correlation; HTTP body; never log tokens,17_Negative_Security_Idempotency,DELETE /v1/admin/price-books/{priceBookId}/items/{productId}
165,PATCH,/v1/admin/price-books/{priceBookId}/items/{productId},DocOpV1AdminPriceBookItemPatch,Catalog Admin,Upsert one price book item,bearer,yes,priceBookId;productId,,Authorization;X-Request-ID;X-Correlation-ID;Idempotency-Key,200,,canary_admin,DESTRUCTIVE_CANARY_ONLY,no,yes,accessToken;baseUrl;priceBookId;productId,writes: allow_destructive OR canaryMode OR readiness; bearer when auth=bearer,2xx per swagger,requestId; correlation; HTTP body; never log tokens,17_Negative_Security_Idempotency,PATCH /v1/admin/price-books/{priceBookId}/items/{productId}
166,DELETE,/v1/admin/price-books/{priceBookId}/targets/{targetId},DocOpV1AdminPriceBookTargetDelete,Catalog Admin,Remove price book target assignment,bearer,no,priceBookId;targetId,,Authorization;X-Request-ID;X-Correlation-ID;Idempotency-Key,204,"401,403,404,500",regression,DANGEROUS_PRODUCTION_DO_NOT_RUN,no,yes,accessToken;baseUrl;priceBookId;targetId,writes: allow_destructive OR canaryMode OR readiness; bearer when auth=bearer,2xx per swagger,requestId; correlation; HTTP body; never log tokens,17_Negative_Security_Idempotency,DELETE /v1/admin/price-books/{priceBookId}/targets/{targetId}
167,POST,/v1/admin/pricing/preview,DocOpV1AdminPricingPreview,Catalog Admin,Preview effective prices for products,bearer,yes,,,Authorization;X-Request-ID;X-Correlation-ID,200,,canary_admin,DESTRUCTIVE_CANARY_ONLY,no,yes,accessToken;baseUrl,writes: allow_destructive OR canaryMode OR readiness; bearer when auth=bearer,2xx per swagger,requestId; correlation; HTTP body; never log tokens,17_Negative_Security_Idempotency,POST /v1/admin/pricing/preview
168,POST,/v1/admin/product-images,DocOpV1AdminProductImageUpload,Media Admin,Upload product image file (Cloudinary),bearer,no,,,Idempotency-Key;Authorization;X-Request-ID;X-Correlation-ID,201,"400,401,403,413,503",canary_admin,DESTRUCTIVE_CANARY_ONLY,no,yes,accessToken;baseUrl,writes: allow_destructive OR canaryMode OR readiness; bearer when auth=bearer,2xx per swagger,requestId; correlation; HTTP body; never log tokens,17_Negative_Security_Idempotency,POST /v1/admin/product-images
169,GET,/v1/admin/products,DocOpV1AdminProductsList,Catalog Admin,List products (admin catalog),bearer,no,,q;active_only;limit;offset,Authorization;X-Request-ID;X-Correlation-ID,200,"400,401,403,500",smoke,READ_ONLY,partial,no,accessToken;activeOnly;baseUrl;limit;offset;q,writes: allow_destructive OR canaryMode OR readiness; bearer when auth=bearer,2xx per swagger,requestId; correlation; HTTP body; never log tokens,04_Products_Catalog_Media,GET /v1/admin/products
170,POST,/v1/admin/products,DocOpV1AdminProductCreate,Catalog Admin,Create product (admin catalog),bearer,yes,,,Authorization;X-Request-ID;X-Correlation-ID;Idempotency-Key,200,"400,401,403,409,500",canary_admin,DESTRUCTIVE_CANARY_ONLY,no,yes,accessToken;baseUrl,writes: allow_destructive OR canaryMode OR readiness; bearer when auth=bearer,2xx per swagger,requestId; correlation; HTTP body; never log tokens,04_Products_Catalog_Media,POST /v1/admin/products
171,DELETE,/v1/admin/products/{productId},DocOpV1AdminProductDelete,Catalog Admin,Deactivate product,bearer,no,productId,,Authorization;X-Request-ID;X-Correlation-ID;Idempotency-Key,200,"400,401,403,404,500",regression,DANGEROUS_PRODUCTION_DO_NOT_RUN,no,yes,accessToken;baseUrl;productId,writes: allow_destructive OR canaryMode OR readiness; bearer when auth=bearer,2xx per swagger,requestId; correlation; HTTP body; never log tokens,04_Products_Catalog_Media,DELETE /v1/admin/products/{productId}
172,GET,/v1/admin/products/{productId},DocOpV1AdminProductGet,Catalog Admin,Get product by id (admin catalog),bearer,no,productId,,Authorization;X-Request-ID;X-Correlation-ID,200,"400,401,403,404,500",smoke,READ_ONLY,partial,no,accessToken;baseUrl;productId,writes: allow_destructive OR canaryMode OR readiness; bearer when auth=bearer,2xx per swagger,requestId; correlation; HTTP body; never log tokens,04_Products_Catalog_Media,GET /v1/admin/products/{productId}
173,PATCH,/v1/admin/products/{productId},DocOpV1AdminProductPatch,Catalog Admin,Update product (PATCH),bearer,yes,productId,,Authorization;X-Request-ID;X-Correlation-ID;Idempotency-Key,200,"400,401,403,404,409,500",canary_admin,DESTRUCTIVE_CANARY_ONLY,no,yes,accessToken;baseUrl;productId,writes: allow_destructive OR canaryMode OR readiness; bearer when auth=bearer,2xx per swagger,requestId; correlation; HTTP body; never log tokens,04_Products_Catalog_Media,PATCH /v1/admin/products/{productId}
174,PUT,/v1/admin/products/{productId},DocOpV1AdminProductReplace,Catalog Admin,Update product (PUT/PATCH),bearer,yes,productId,,Authorization;X-Request-ID;X-Correlation-ID;Idempotency-Key,200,"400,401,403,404,409,500",canary_admin,DESTRUCTIVE_CANARY_ONLY,no,yes,accessToken;baseUrl;productId,writes: allow_destructive OR canaryMode OR readiness; bearer when auth=bearer,2xx per swagger,requestId; correlation; HTTP body; never log tokens,04_Products_Catalog_Media,PUT /v1/admin/products/{productId}
175,DELETE,/v1/admin/products/{productId}/image,DocOpV1AdminProductImageDelete,Catalog Admin,Remove primary product image,bearer,no,productId,,Authorization;X-Request-ID;X-Correlation-ID;Idempotency-Key,200,"400,401,403,404,500",regression,DANGEROUS_PRODUCTION_DO_NOT_RUN,no,yes,accessToken;baseUrl;productId,writes: allow_destructive OR canaryMode OR readiness; bearer when auth=bearer,2xx per swagger,requestId; correlation; HTTP body; never log tokens,04_Products_Catalog_Media,DELETE /v1/admin/products/{productId}/image
176,POST,/v1/admin/products/{productId}/image,DocOpV1AdminProductImagePost,Catalog Admin,Bind primary product image (alias),bearer,yes,productId,,Authorization;X-Request-ID;X-Correlation-ID;Idempotency-Key,200,"400,401,403,404,500",canary_admin,DESTRUCTIVE_CANARY_ONLY,no,yes,accessToken;baseUrl;productId,writes: allow_destructive OR canaryMode OR readiness; bearer when auth=bearer,2xx per swagger,requestId; correlation; HTTP body; never log tokens,04_Products_Catalog_Media,POST /v1/admin/products/{productId}/image
177,PUT,/v1/admin/products/{productId}/image,DocOpV1AdminProductImagePut,Catalog Admin,Bind primary product image,bearer,yes,productId,,Authorization;X-Request-ID;X-Correlation-ID;Idempotency-Key,200,"400,401,403,404,500",canary_admin,DESTRUCTIVE_CANARY_ONLY,no,yes,accessToken;baseUrl;productId,writes: allow_destructive OR canaryMode OR readiness; bearer when auth=bearer,2xx per swagger,requestId; correlation; HTTP body; never log tokens,04_Products_Catalog_Media,PUT /v1/admin/products/{productId}/image
178,POST,/v1/admin/products/{productId}/media,DocOpV1AdminProductMediaBindPost,Catalog Admin,Bind media to product (POST),bearer,yes,productId,,Authorization;X-Request-ID;X-Correlation-ID;Idempotency-Key,200,,canary_admin,DESTRUCTIVE_CANARY_ONLY,no,yes,accessToken;baseUrl;productId,writes: allow_destructive OR canaryMode OR readiness; bearer when auth=bearer,2xx per swagger,requestId; correlation; HTTP body; never log tokens,04_Products_Catalog_Media,POST /v1/admin/products/{productId}/media
179,PUT,/v1/admin/products/{productId}/media,DocOpV1AdminProductMediaBindPut,Catalog Admin,Bind or replace product media (PUT),bearer,yes,productId,,Authorization;X-Request-ID;X-Correlation-ID;Idempotency-Key,200,,canary_admin,DESTRUCTIVE_CANARY_ONLY,no,yes,accessToken;baseUrl;productId,writes: allow_destructive OR canaryMode OR readiness; bearer when auth=bearer,2xx per swagger,requestId; correlation; HTTP body; never log tokens,04_Products_Catalog_Media,PUT /v1/admin/products/{productId}/media
180,DELETE,/v1/admin/products/{productId}/media/{mediaId},DocOpV1AdminProductMediaUnbind,Catalog Admin,Remove bound media from product,bearer,no,productId;mediaId,,Authorization;X-Request-ID;X-Correlation-ID;Idempotency-Key,200,,regression,DANGEROUS_PRODUCTION_DO_NOT_RUN,no,yes,accessToken;baseUrl;mediaId;productId,writes: allow_destructive OR canaryMode OR readiness; bearer when auth=bearer,2xx per swagger,requestId; correlation; HTTP body; never log tokens,04_Products_Catalog_Media,DELETE /v1/admin/products/{productId}/media/{mediaId}
181,GET,/v1/admin/promotions,DocOpV1AdminPromotionsList,Catalog Admin,List promotions (admin catalog),bearer,no,,limit;offset;include_deactivated,Authorization;X-Request-ID;X-Correlation-ID,200,"400,401,403,500",smoke,READ_ONLY,partial,no,accessToken;baseUrl;includeDeactivated;limit;offset,writes: allow_destructive OR canaryMode OR readiness; bearer when auth=bearer,2xx per swagger,requestId; correlation; HTTP body; never log tokens,17_Negative_Security_Idempotency,GET /v1/admin/promotions
182,POST,/v1/admin/promotions,DocOpV1AdminPromotionCreate,Catalog Admin,Create promotion (draft lifecycle),bearer,yes,,,Authorization;X-Request-ID;X-Correlation-ID;Idempotency-Key,200,400,canary_admin,DESTRUCTIVE_CANARY_ONLY,no,yes,accessToken;baseUrl,writes: allow_destructive OR canaryMode OR readiness; bearer when auth=bearer,2xx per swagger,requestId; correlation; HTTP body; never log tokens,17_Negative_Security_Idempotency,POST /v1/admin/promotions
183,POST,/v1/admin/promotions/preview,DocOpV1AdminPromotionsPreview,Catalog Admin,Preview promotion discounts on top of catalog pricing,bearer,yes,,,Authorization;X-Request-ID;X-Correlation-ID,200,,canary_admin,DESTRUCTIVE_CANARY_ONLY,no,yes,accessToken;baseUrl,writes: allow_destructive OR canaryMode OR readiness; bearer when auth=bearer,2xx per swagger,requestId; correlation; HTTP body; never log tokens,17_Negative_Security_Idempotency,POST /v1/admin/promotions/preview
184,GET,/v1/admin/promotions/{promotionId},DocOpV1AdminPromotionGet,Catalog Admin,Get promotion detail with rules and targets,bearer,no,promotionId,,Authorization;X-Request-ID;X-Correlation-ID,200,"400,404",smoke,READ_ONLY,partial,no,accessToken;baseUrl;promotionId,writes: allow_destructive OR canaryMode OR readiness; bearer when auth=bearer,2xx per swagger,requestId; correlation; HTTP body; never log tokens,17_Negative_Security_Idempotency,GET /v1/admin/promotions/{promotionId}
185,PATCH,/v1/admin/promotions/{promotionId},DocOpV1AdminPromotionPatch,Catalog Admin,Patch promotion fields or replace rules,bearer,yes,promotionId,,Authorization;X-Request-ID;X-Correlation-ID;Idempotency-Key,200,,canary_admin,DESTRUCTIVE_CANARY_ONLY,no,yes,accessToken;baseUrl;promotionId,writes: allow_destructive OR canaryMode OR readiness; bearer when auth=bearer,2xx per swagger,requestId; correlation; HTTP body; never log tokens,17_Negative_Security_Idempotency,PATCH /v1/admin/promotions/{promotionId}
186,POST,/v1/admin/promotions/{promotionId}/activate,DocOpV1AdminPromotionActivate,Catalog Admin,Activate promotion (lifecycle active),bearer,no,promotionId,,Authorization;X-Request-ID;X-Correlation-ID;Idempotency-Key,200,,canary_admin,DESTRUCTIVE_CANARY_ONLY,no,yes,accessToken;baseUrl;promotionId,writes: allow_destructive OR canaryMode OR readiness; bearer when auth=bearer,2xx per swagger,requestId; correlation; HTTP body; never log tokens,17_Negative_Security_Idempotency,POST /v1/admin/promotions/{promotionId}/activate
187,POST,/v1/admin/promotions/{promotionId}/archive,DocOpV1AdminPromotionArchive,Catalog Admin,Archive promotion (deactivate with audit trail),bearer,no,promotionId,,Authorization;X-Request-ID;X-Correlation-ID;Idempotency-Key,200,"400,404",canary_admin,DESTRUCTIVE_CANARY_ONLY,no,yes,accessToken;baseUrl;promotionId,writes: allow_destructive OR canaryMode OR readiness; bearer when auth=bearer,2xx per swagger,requestId; correlation; HTTP body; never log tokens,17_Negative_Security_Idempotency,POST /v1/admin/promotions/{promotionId}/archive
188,POST,/v1/admin/promotions/{promotionId}/assign-target,DocOpV1AdminPromotionAssignTarget,Catalog Admin,"Assign a promotion target (company, site, machine, product, category, tag)",bearer,yes,promotionId,,Authorization;X-Request-ID;X-Correlation-ID;Idempotency-Key,200,,canary_admin,DESTRUCTIVE_CANARY_ONLY,no,yes,accessToken;baseUrl;promotionId,writes: allow_destructive OR canaryMode OR readiness; bearer when auth=bearer,2xx per swagger,requestId; correlation; HTTP body; never log tokens,17_Negative_Security_Idempotency,POST /v1/admin/promotions/{promotionId}/assign-target
189,POST,/v1/admin/promotions/{promotionId}/deactivate,DocOpV1AdminPromotionDeactivate,Catalog Admin,Deactivate promotion,bearer,no,promotionId,,Authorization;X-Request-ID;X-Correlation-ID;Idempotency-Key,200,,canary_admin,DESTRUCTIVE_CANARY_ONLY,no,yes,accessToken;baseUrl;promotionId,writes: allow_destructive OR canaryMode OR readiness; bearer when auth=bearer,2xx per swagger,requestId; correlation; HTTP body; never log tokens,17_Negative_Security_Idempotency,POST /v1/admin/promotions/{promotionId}/deactivate
190,POST,/v1/admin/promotions/{promotionId}/pause,DocOpV1AdminPromotionPause,Catalog Admin,Pause promotion,bearer,no,promotionId,,Authorization;X-Request-ID;X-Correlation-ID;Idempotency-Key,200,,canary_admin,DESTRUCTIVE_CANARY_ONLY,no,yes,accessToken;baseUrl;promotionId,writes: allow_destructive OR canaryMode OR readiness; bearer when auth=bearer,2xx per swagger,requestId; correlation; HTTP body; never log tokens,17_Negative_Security_Idempotency,POST /v1/admin/promotions/{promotionId}/pause
191,DELETE,/v1/admin/promotions/{promotionId}/targets/{targetId},DocOpV1AdminPromotionTargetDelete,Catalog Admin,Remove a promotion target assignment,bearer,no,promotionId;targetId,,Authorization;X-Request-ID;X-Correlation-ID;Idempotency-Key,204,404,regression,DANGEROUS_PRODUCTION_DO_NOT_RUN,no,yes,accessToken;baseUrl;promotionId;targetId,writes: allow_destructive OR canaryMode OR readiness; bearer when auth=bearer,2xx per swagger,requestId; correlation; HTTP body; never log tokens,17_Negative_Security_Idempotency,DELETE /v1/admin/promotions/{promotionId}/targets/{targetId}
192,GET,/v1/admin/provisioning/batches/{batchId},DocOpV1AdminProvisioningBatchGet,Machine Admin,Get provisioning batch status,bearer,no,batchId,,Authorization;X-Request-ID;X-Correlation-ID,200,,smoke,READ_ONLY,partial,no,accessToken;baseUrl;batchId,writes: allow_destructive OR canaryMode OR readiness; bearer when auth=bearer,2xx per swagger,requestId; correlation; HTTP body; never log tokens,05_Machines_Provisioning_Activation,GET /v1/admin/provisioning/batches/{batchId}
193,POST,/v1/admin/provisioning/machines/bulk,DocOpV1AdminProvisioningBulk,Machine Admin,Bulk provision machines at a site,bearer,yes,,,Idempotency-Key;Authorization;X-Request-ID;X-Correlation-ID,200,,canary_setup,DESTRUCTIVE_CANARY_ONLY,no,yes,accessToken;baseUrl,writes: allow_destructive OR canaryMode OR readiness; bearer when auth=bearer,2xx per swagger,requestId; correlation; HTTP body; never log tokens,05_Machines_Provisioning_Activation,POST /v1/admin/provisioning/machines/bulk
194,GET,/v1/admin/refunds,DocOpV1AdminCommerceRefundRequestsList,Commerce,List refund requests for company,bearer,no,,status;limit;offset,Authorization;X-Request-ID;X-Correlation-ID,200,"400,401,403,500",smoke,READ_ONLY,partial,no,accessToken;baseUrl;limit;offset;status,writes: allow_destructive OR canaryMode OR readiness; bearer when auth=bearer,2xx per swagger,requestId; correlation; HTTP body; never log tokens,10_Vending_Sale_Refund_Failure,GET /v1/admin/refunds
195,GET,/v1/admin/refunds/{refundId},DocOpV1AdminCommerceRefundRequestGet,Commerce,Get refund request by id,bearer,no,refundId,,Authorization;X-Request-ID;X-Correlation-ID,200,"400,401,403,404,500",smoke,READ_ONLY,partial,no,accessToken;baseUrl;refundId,writes: allow_destructive OR canaryMode OR readiness; bearer when auth=bearer,2xx per swagger,requestId; correlation; HTTP body; never log tokens,10_Vending_Sale_Refund_Failure,GET /v1/admin/refunds/{refundId}
196,GET,/v1/admin/reports/cash,DocOpV1AdminReportsCash,Reporting,Cash collection report,bearer,no,,from;to;site_id;machine_id;limit;offset;format,Authorization;X-Request-ID;X-Correlation-ID,200,"400,401,403",smoke,READ_ONLY,partial,no,accessToken;baseUrl;format;from;limit;machineId;offset;siteId;to,writes: allow_destructive OR canaryMode OR readiness; bearer when auth=bearer,2xx per swagger,requestId; correlation; HTTP body; never log tokens,14_Reporting_Audit_Exports,GET /v1/admin/reports/cash
197,GET,/v1/admin/reports/cash-collections/export.csv,DocOpV1AdminReportsCashCollectionsExportCSV,Reporting,Export cash collection sessions as CSV (UTF-8),bearer,no,,from;to;site_id;machine_id,Authorization;X-Request-ID;X-Correlation-ID,200,"400,401,403,500",smoke,READ_ONLY,partial,no,accessToken;baseUrl;from;machineId;siteId;to,writes: allow_destructive OR canaryMode OR readiness; bearer when auth=bearer,2xx per swagger,requestId; correlation; HTTP body; never log tokens,14_Reporting_Audit_Exports,GET /v1/admin/reports/cash-collections/export.csv
198,GET,/v1/admin/reports/commands,DocOpV1AdminReportsCommands,Reporting,Machine command failure report (terminal attempts only),bearer,no,,from;to;site_id;machine_id;limit;offset;format,Authorization;X-Request-ID;X-Correlation-ID,200,"400,401,403",smoke,READ_ONLY,partial,no,accessToken;baseUrl;format;from;limit;machineId;offset;siteId;to,writes: allow_destructive OR canaryMode OR readiness; bearer when auth=bearer,2xx per swagger,requestId; correlation; HTTP body; never log tokens,11_Remote_Commands,GET /v1/admin/reports/commands
199,GET,/v1/admin/reports/export,DocOpV1AdminReportsExport,Reporting,Unified CSV export dispatcher,bearer,no,,from;to;report,Authorization;X-Request-ID;X-Correlation-ID,200,"400,401,403",smoke,READ_ONLY,partial,no,accessToken;baseUrl;from;report;to,writes: allow_destructive OR canaryMode OR readiness; bearer when auth=bearer,2xx per swagger,requestId; correlation; HTTP body; never log tokens,14_Reporting_Audit_Exports,GET /v1/admin/reports/export
200,GET,/v1/admin/reports/failed-vends,DocOpV1AdminReportsFailedVends,Reporting,Failed vend report,bearer,no,,from;to;limit;offset,Authorization;X-Request-ID;X-Correlation-ID,200,"400,401,403",smoke,READ_ONLY,partial,no,accessToken;baseUrl;from;limit;offset;to,writes: allow_destructive OR canaryMode OR readiness; bearer when auth=bearer,2xx per swagger,requestId; correlation; HTTP body; never log tokens,14_Reporting_Audit_Exports,GET /v1/admin/reports/failed-vends
201,GET,/v1/admin/reports/fills,DocOpV1AdminReportsTechnicianFills,Reporting,Technician and fill / restock inventory operations,bearer,no,,from;to;site_id;machine_id;product_id;limit;offset;format,Authorization;X-Request-ID;X-Correlation-ID,200,"400,401,403",smoke,READ_ONLY,partial,no,accessToken;baseUrl;format;from;limit;machineId;offset;productId;siteId;to,writes: allow_destructive OR canaryMode OR readiness; bearer when auth=bearer,2xx per swagger,requestId; correlation; HTTP body; never log tokens,07_Inventory_Restock_Anomalies,GET /v1/admin/reports/fills
202,GET,/v1/admin/reports/inventory,DocOpV1AdminReportsInventoryUnified,Reporting,Inventory BI (low stock or movement ledger),bearer,no,,from;to;kind;exception_kind;site_id;machine_id;product_id;limit;offset;format,Authorization;X-Request-ID;X-Correlation-ID,200,"400,401,403",smoke,READ_ONLY,partial,no,accessToken;baseUrl;exceptionKind;format;from;kind;limit;machineId;offset;productId;siteId;to,writes: allow_destructive OR canaryMode OR readiness; bearer when auth=bearer,2xx per swagger,requestId; correlation; HTTP body; never log tokens,07_Inventory_Restock_Anomalies,GET /v1/admin/reports/inventory
203,GET,/v1/admin/reports/inventory-low-stock,DocOpV1AdminReportsInventoryLowStock,Reporting,Inventory low-stock report,bearer,no,,from;to;limit;offset,Authorization;X-Request-ID;X-Correlation-ID,200,"400,401,403",smoke,READ_ONLY,partial,no,accessToken;baseUrl;from;limit;offset;to,writes: allow_destructive OR canaryMode OR readiness; bearer when auth=bearer,2xx per swagger,requestId; correlation; HTTP body; never log tokens,07_Inventory_Restock_Anomalies,GET /v1/admin/reports/inventory-low-stock
204,GET,/v1/admin/reports/machine-health,DocOpV1AdminReportsMachineHealth,Reporting,Machine health and offline report,bearer,no,,from;to;limit;offset,Authorization;X-Request-ID;X-Correlation-ID,200,"400,401,403",smoke,READ_ONLY,partial,no,accessToken;baseUrl;from;limit;offset;to,writes: allow_destructive OR canaryMode OR readiness; bearer when auth=bearer,2xx per swagger,requestId; correlation; HTTP body; never log tokens,14_Reporting_Audit_Exports,GET /v1/admin/reports/machine-health
205,GET,/v1/admin/reports/machines,DocOpV1AdminReportsMachines,Reporting,Machine uptime / last-seen report (alias naming),bearer,no,,from;to;site_id;machine_id;product_id;limit;offset;format,Authorization;X-Request-ID;X-Correlation-ID,200,"400,401,403",smoke,READ_ONLY,partial,no,accessToken;baseUrl;format;from;limit;machineId;offset;productId;siteId;to,writes: allow_destructive OR canaryMode OR readiness; bearer when auth=bearer,2xx per swagger,requestId; correlation; HTTP body; never log tokens,14_Reporting_Audit_Exports,GET /v1/admin/reports/machines
206,GET,/v1/admin/reports/payments,DocOpV1AdminReportsPayments,Reporting,Payment settlement report,bearer,no,,from;to;timezone;site_id;machine_id;product_id;format,Authorization;X-Request-ID;X-Correlation-ID,200,"400,401,403",smoke,READ_ONLY,partial,no,accessToken;baseUrl;format;from;machineId;productId;siteId;timezone;to,writes: allow_destructive OR canaryMode OR readiness; bearer when auth=bearer,2xx per swagger,requestId; correlation; HTTP body; never log tokens,14_Reporting_Audit_Exports,GET /v1/admin/reports/payments
207,GET,/v1/admin/reports/payments-summary/export.csv,DocOpV1AdminReportsPaymentsSummaryExportCSV,Reporting,Export payments summary as CSV (UTF-8),bearer,no,,from;to;group_by,Authorization;X-Request-ID;X-Correlation-ID,200,"400,401,403,500",smoke,READ_ONLY,partial,no,accessToken;baseUrl;from;groupBy;to,writes: allow_destructive OR canaryMode OR readiness; bearer when auth=bearer,2xx per swagger,requestId; correlation; HTTP body; never log tokens,14_Reporting_Audit_Exports,GET /v1/admin/reports/payments-summary/export.csv
208,GET,/v1/admin/reports/products,DocOpV1AdminReportsProducts,Reporting,Product performance report,bearer,no,,from;to;site_id;machine_id;product_id;format,Authorization;X-Request-ID;X-Correlation-ID,200,"400,401,403",smoke,READ_ONLY,partial,no,accessToken;baseUrl;format;from;machineId;productId;siteId;to,writes: allow_destructive OR canaryMode OR readiness; bearer when auth=bearer,2xx per swagger,requestId; correlation; HTTP body; never log tokens,14_Reporting_Audit_Exports,GET /v1/admin/reports/products
209,GET,/v1/admin/reports/reconciliation,DocOpV1AdminReportsReconciliationBI,Reporting,Reconciliation BI (open/closed summaries + scoped cases),bearer,no,,from;to;reconciliation_scope;site_id;machine_id;product_id;limit;offset;format,Authorization;X-Request-ID;X-Correlation-ID,200,"400,401,403",smoke,READ_ONLY,partial,no,accessToken;baseUrl;format;from;limit;machineId;offset;productId;reconciliationScope;siteId;to,writes: allow_destructive OR canaryMode OR readiness; bearer when auth=bearer,2xx per swagger,requestId; correlation; HTTP body; never log tokens,14_Reporting_Audit_Exports,GET /v1/admin/reports/reconciliation
210,GET,/v1/admin/reports/reconciliation-queue,DocOpV1AdminReportsReconciliationQueue,Reporting,Reconciliation queue report,bearer,no,,from;to;limit;offset,Authorization;X-Request-ID;X-Correlation-ID,200,"400,401,403",smoke,READ_ONLY,partial,no,accessToken;baseUrl;from;limit;offset;to,writes: allow_destructive OR canaryMode OR readiness; bearer when auth=bearer,2xx per swagger,requestId; correlation; HTTP body; never log tokens,14_Reporting_Audit_Exports,GET /v1/admin/reports/reconciliation-queue
211,GET,/v1/admin/reports/refunds,DocOpV1AdminReportsRefunds,Reporting,Refund report,bearer,no,,from;to;limit;offset;format,Authorization;X-Request-ID;X-Correlation-ID,200,"400,401,403",smoke,READ_ONLY,partial,no,accessToken;baseUrl;format;from;limit;offset;to,writes: allow_destructive OR canaryMode OR readiness; bearer when auth=bearer,2xx per swagger,requestId; correlation; HTTP body; never log tokens,10_Vending_Sale_Refund_Failure,GET /v1/admin/reports/refunds
212,GET,/v1/admin/reports/sales,DocOpV1AdminReportsSales,Reporting,Company sales report,bearer,no,,from;to;timezone;site_id;machine_id;product_id;group_by;format,Authorization;X-Request-ID;X-Correlation-ID,200,"400,401,403",smoke,READ_ONLY,partial,no,accessToken;baseUrl;format;from;groupBy;machineId;productId;siteId;timezone;to,writes: allow_destructive OR canaryMode OR readiness; bearer when auth=bearer,2xx per swagger,requestId; correlation; HTTP body; never log tokens,14_Reporting_Audit_Exports,GET /v1/admin/reports/sales
213,GET,/v1/admin/reports/sales-summary/export.csv,DocOpV1AdminReportsSalesSummaryExportCSV,Reporting,Export sales summary as CSV (UTF-8),bearer,no,,from;to;group_by,Authorization;X-Request-ID;X-Correlation-ID,200,"400,401,403,500",smoke,READ_ONLY,partial,no,accessToken;baseUrl;from;groupBy;to,writes: allow_destructive OR canaryMode OR readiness; bearer when auth=bearer,2xx per swagger,requestId; correlation; HTTP body; never log tokens,14_Reporting_Audit_Exports,GET /v1/admin/reports/sales-summary/export.csv
214,GET,/v1/admin/reports/vends,DocOpV1AdminReportsVends,Reporting,Company vend lifecycle summary,bearer,no,,from;to;site_id;machine_id;product_id;limit;offset;format,Authorization;X-Request-ID;X-Correlation-ID,200,"400,401,403",smoke,READ_ONLY,partial,no,accessToken;baseUrl;format;from;limit;machineId;offset;productId;siteId;to,writes: allow_destructive OR canaryMode OR readiness; bearer when auth=bearer,2xx per swagger,requestId; correlation; HTTP body; never log tokens,14_Reporting_Audit_Exports,GET /v1/admin/reports/vends
215,GET,/v1/admin/restock/suggestions,DocOpV1AdminRestockSuggestions,Inventory,Restock suggestions (admin),bearer,no,,,Authorization;X-Request-ID;X-Correlation-ID,200,,smoke,READ_ONLY,partial,no,accessToken;baseUrl,writes: allow_destructive OR canaryMode OR readiness; bearer when auth=bearer,2xx per swagger,requestId; correlation; HTTP body; never log tokens,07_Inventory_Restock_Anomalies,GET /v1/admin/restock/suggestions
216,GET,/v1/admin/rollouts,DocOpV1AdminRolloutsList,Machine Admin,List rollout campaigns,bearer,no,,,Authorization;X-Request-ID;X-Correlation-ID,200,,smoke,READ_ONLY,partial,no,accessToken;baseUrl,writes: allow_destructive OR canaryMode OR readiness; bearer when auth=bearer,2xx per swagger,requestId; correlation; HTTP body; never log tokens,05_Machines_Provisioning_Activation,GET /v1/admin/rollouts
217,POST,/v1/admin/rollouts,DocOpV1AdminRolloutCreate,Machine Admin,Create rollout campaign,bearer,yes,,,Idempotency-Key;Authorization;X-Request-ID;X-Correlation-ID,201,,canary_admin,DESTRUCTIVE_CANARY_ONLY,no,yes,accessToken;baseUrl,writes: allow_destructive OR canaryMode OR readiness; bearer when auth=bearer,2xx per swagger,requestId; correlation; HTTP body; never log tokens,05_Machines_Provisioning_Activation,POST /v1/admin/rollouts
218,GET,/v1/admin/rollouts/{rolloutId},DocOpV1AdminRolloutGet,Machine Admin,Get rollout campaign,bearer,no,rolloutId,,Authorization;X-Request-ID;X-Correlation-ID,200,,smoke,READ_ONLY,partial,no,accessToken;baseUrl;rolloutId,writes: allow_destructive OR canaryMode OR readiness; bearer when auth=bearer,2xx per swagger,requestId; correlation; HTTP body; never log tokens,05_Machines_Provisioning_Activation,GET /v1/admin/rollouts/{rolloutId}
219,POST,/v1/admin/rollouts/{rolloutId}/cancel,DocOpV1AdminRolloutCancel,Machine Admin,Cancel rollout,bearer,no,rolloutId,,Idempotency-Key;Authorization;X-Request-ID;X-Correlation-ID,200,,canary_admin,DESTRUCTIVE_CANARY_ONLY,no,yes,accessToken;baseUrl;rolloutId,writes: allow_destructive OR canaryMode OR readiness; bearer when auth=bearer,2xx per swagger,requestId; correlation; HTTP body; never log tokens,05_Machines_Provisioning_Activation,POST /v1/admin/rollouts/{rolloutId}/cancel
220,POST,/v1/admin/rollouts/{rolloutId}/pause,DocOpV1AdminRolloutPause,Machine Admin,Pause rollout,bearer,no,rolloutId,,Idempotency-Key;Authorization;X-Request-ID;X-Correlation-ID,200,,canary_admin,DESTRUCTIVE_CANARY_ONLY,no,yes,accessToken;baseUrl;rolloutId,writes: allow_destructive OR canaryMode OR readiness; bearer when auth=bearer,2xx per swagger,requestId; correlation; HTTP body; never log tokens,05_Machines_Provisioning_Activation,POST /v1/admin/rollouts/{rolloutId}/pause
221,POST,/v1/admin/rollouts/{rolloutId}/resume,DocOpV1AdminRolloutResume,Machine Admin,Resume rollout,bearer,no,rolloutId,,Idempotency-Key;Authorization;X-Request-ID;X-Correlation-ID,200,,canary_admin,DESTRUCTIVE_CANARY_ONLY,no,yes,accessToken;baseUrl;rolloutId,writes: allow_destructive OR canaryMode OR readiness; bearer when auth=bearer,2xx per swagger,requestId; correlation; HTTP body; never log tokens,05_Machines_Provisioning_Activation,POST /v1/admin/rollouts/{rolloutId}/resume
222,POST,/v1/admin/rollouts/{rolloutId}/rollback,DocOpV1AdminRolloutRollback,Machine Admin,Roll back rollout,bearer,no,rolloutId,,Idempotency-Key;Authorization;X-Request-ID;X-Correlation-ID,200,,canary_admin,DESTRUCTIVE_CANARY_ONLY,no,yes,accessToken;baseUrl;rolloutId,writes: allow_destructive OR canaryMode OR readiness; bearer when auth=bearer,2xx per swagger,requestId; correlation; HTTP body; never log tokens,05_Machines_Provisioning_Activation,POST /v1/admin/rollouts/{rolloutId}/rollback
223,POST,/v1/admin/rollouts/{rolloutId}/start,DocOpV1AdminRolloutStart,Machine Admin,Start rollout,bearer,no,rolloutId,,Idempotency-Key;Authorization;X-Request-ID;X-Correlation-ID,200,,canary_admin,DESTRUCTIVE_CANARY_ONLY,no,yes,accessToken;baseUrl;rolloutId,writes: allow_destructive OR canaryMode OR readiness; bearer when auth=bearer,2xx per swagger,requestId; correlation; HTTP body; never log tokens,05_Machines_Provisioning_Activation,POST /v1/admin/rollouts/{rolloutId}/start
224,GET,/v1/admin/sites,DocOpV1AdminSitesList,Machine Admin,List sites (admin),bearer,no,,status;limit;offset,Authorization;X-Request-ID;X-Correlation-ID,200,"400,401,403,500",smoke,READ_ONLY,partial,no,accessToken;baseUrl;limit;offset;status,writes: allow_destructive OR canaryMode OR readiness; bearer when auth=bearer,2xx per swagger,requestId; correlation; HTTP body; never log tokens,03_Sites_Regions_Tags,GET /v1/admin/sites
225,POST,/v1/admin/sites,DocOpV1AdminSiteCreate,Machine Admin,Create site (admin),bearer,yes,,,Authorization;X-Request-ID;X-Correlation-ID,201,"400,401,403,409,500",canary_admin,DESTRUCTIVE_CANARY_ONLY,no,yes,accessToken;baseUrl,writes: allow_destructive OR canaryMode OR readiness; bearer when auth=bearer,2xx per swagger,requestId; correlation; HTTP body; never log tokens,03_Sites_Regions_Tags,POST /v1/admin/sites
226,DELETE,/v1/admin/sites/{siteId},DocOpV1AdminSiteDelete,Machine Admin,Deactivate site (admin),bearer,no,siteId,,Authorization;X-Request-ID;X-Correlation-ID,200,"400,401,403,409,500",regression,DANGEROUS_PRODUCTION_DO_NOT_RUN,no,yes,accessToken;baseUrl;siteId,writes: allow_destructive OR canaryMode OR readiness; bearer when auth=bearer,2xx per swagger,requestId; correlation; HTTP body; never log tokens,03_Sites_Regions_Tags,DELETE /v1/admin/sites/{siteId}
227,GET,/v1/admin/sites/{siteId},DocOpV1AdminSiteGet,Machine Admin,Get site by ID (admin),bearer,no,siteId,,Authorization;X-Request-ID;X-Correlation-ID,200,"400,401,403,404,500",smoke,READ_ONLY,partial,no,accessToken;baseUrl;siteId,writes: allow_destructive OR canaryMode OR readiness; bearer when auth=bearer,2xx per swagger,requestId; correlation; HTTP body; never log tokens,03_Sites_Regions_Tags,GET /v1/admin/sites/{siteId}
228,PATCH,/v1/admin/sites/{siteId},DocOpV1AdminSitePatch,Machine Admin,Patch site (admin),bearer,yes,siteId,,Authorization;X-Request-ID;X-Correlation-ID,200,"400,401,403,404,500",canary_admin,DESTRUCTIVE_CANARY_ONLY,no,yes,accessToken;baseUrl;siteId,writes: allow_destructive OR canaryMode OR readiness; bearer when auth=bearer,2xx per swagger,requestId; correlation; HTTP body; never log tokens,03_Sites_Regions_Tags,PATCH /v1/admin/sites/{siteId}
229,POST,/v1/admin/sites/{siteId}/archive,DocOpV1AdminSiteArchive,Machine Admin,Archive site (admin alias),bearer,no,siteId,,Authorization;X-Request-ID;X-Correlation-ID,200,"400,401,403,409,500",canary_admin,DESTRUCTIVE_CANARY_ONLY,no,yes,accessToken;baseUrl;siteId,writes: allow_destructive OR canaryMode OR readiness; bearer when auth=bearer,2xx per swagger,requestId; correlation; HTTP body; never log tokens,03_Sites_Regions_Tags,POST /v1/admin/sites/{siteId}/archive
230,POST,/v1/admin/sites/{siteId}/disable,DocOpV1AdminSiteDisable,Machine Admin,Disable site (admin),bearer,no,siteId,,Authorization;X-Request-ID;X-Correlation-ID,200,"400,401,403,409,500",canary_admin,DESTRUCTIVE_CANARY_ONLY,no,yes,accessToken;baseUrl;siteId,writes: allow_destructive OR canaryMode OR readiness; bearer when auth=bearer,2xx per swagger,requestId; correlation; HTTP body; never log tokens,03_Sites_Regions_Tags,POST /v1/admin/sites/{siteId}/disable
231,GET,/v1/admin/system/outbox,DocOpV1AdminSystemOutboxListGet,Platform Ops,List transactional outbox rows (system alias),bearer,no,,limit;offset,Authorization;X-Request-ID;X-Correlation-ID,200,"401,403,500",smoke,READ_ONLY,partial,no,accessToken;baseUrl;limit;offset,writes: allow_destructive OR canaryMode OR readiness; bearer when auth=bearer,2xx per swagger,requestId; correlation; HTTP body; never log tokens,17_Negative_Security_Idempotency,GET /v1/admin/system/outbox
232,GET,/v1/admin/system/outbox/stats,DocOpV1AdminSystemOutboxStatsGet,Platform Ops,Outbox pipeline statistics (system alias),bearer,no,,,Authorization;X-Request-ID;X-Correlation-ID,200,"401,403,500",smoke,READ_ONLY,partial,no,accessToken;baseUrl,writes: allow_destructive OR canaryMode OR readiness; bearer when auth=bearer,2xx per swagger,requestId; correlation; HTTP body; never log tokens,17_Negative_Security_Idempotency,GET /v1/admin/system/outbox/stats
233,GET,/v1/admin/system/outbox/{eventId},DocOpV1AdminSystemOutboxGet,Platform Ops,Get one outbox row by id,bearer,no,eventId,,Authorization;X-Request-ID;X-Correlation-ID,200,"400,401,403,404,500",smoke,READ_ONLY,partial,no,accessToken;baseUrl;eventId,writes: allow_destructive OR canaryMode OR readiness; bearer when auth=bearer,2xx per swagger,requestId; correlation; HTTP body; never log tokens,17_Negative_Security_Idempotency,GET /v1/admin/system/outbox/{eventId}
234,POST,/v1/admin/system/outbox/{eventId}/mark-dlq,DocOpV1AdminSystemOutboxMarkDLQPost,Platform Ops,Manually move an outbox row to Postgres DLQ,bearer,yes,eventId,,Authorization;X-Request-ID;X-Correlation-ID,200,"400,401,403,404,409,500",canary_admin,DESTRUCTIVE_CANARY_ONLY,no,yes,accessToken;baseUrl;eventId,writes: allow_destructive OR canaryMode OR readiness; bearer when auth=bearer,2xx per swagger,requestId; correlation; HTTP body; never log tokens,17_Negative_Security_Idempotency,POST /v1/admin/system/outbox/{eventId}/mark-dlq
235,POST,/v1/admin/system/outbox/{eventId}/replay,DocOpV1AdminSystemOutboxReplayPost,Platform Ops,Replay a dead-lettered outbox row,bearer,no,eventId,,Authorization;X-Request-ID;X-Correlation-ID,200,"400,401,403,404,500",canary_admin,DESTRUCTIVE_CANARY_ONLY,no,yes,accessToken;baseUrl;eventId,writes: allow_destructive OR canaryMode OR readiness; bearer when auth=bearer,2xx per swagger,requestId; correlation; HTTP body; never log tokens,17_Negative_Security_Idempotency,POST /v1/admin/system/outbox/{eventId}/replay
236,POST,/v1/admin/system/retention/dry-run,DocOpV1AdminSystemRetentionDryRunPost,Platform Ops,Preview retention candidates (dry-run),bearer,no,,,Authorization;X-Request-ID;X-Correlation-ID,200,"401,403,500",canary_admin,DESTRUCTIVE_CANARY_ONLY,no,yes,accessToken;baseUrl,writes: allow_destructive OR canaryMode OR readiness; bearer when auth=bearer,2xx per swagger,requestId; correlation; HTTP body; never log tokens,17_Negative_Security_Idempotency,POST /v1/admin/system/retention/dry-run
237,POST,/v1/admin/system/retention/run,DocOpV1AdminSystemRetentionRunPost,Platform Ops,Run bounded Postgres retention,bearer,no,,,Authorization;X-Request-ID;X-Correlation-ID,200,"401,403,500",canary_admin,DESTRUCTIVE_CANARY_ONLY,no,yes,accessToken;baseUrl,writes: allow_destructive OR canaryMode OR readiness; bearer when auth=bearer,2xx per swagger,requestId; correlation; HTTP body; never log tokens,17_Negative_Security_Idempotency,POST /v1/admin/system/retention/run
238,GET,/v1/admin/system/retention/stats,DocOpV1AdminSystemRetentionStatsGet,Platform Ops,Data retention policy + table footprints (system),bearer,no,,,Authorization;X-Request-ID;X-Correlation-ID,200,"401,403,500",smoke,READ_ONLY,partial,no,accessToken;baseUrl,writes: allow_destructive OR canaryMode OR readiness; bearer when auth=bearer,2xx per swagger,requestId; correlation; HTTP body; never log tokens,17_Negative_Security_Idempotency,GET /v1/admin/system/retention/stats
239,GET,/v1/admin/tags,DocOpV1AdminTagsList,Catalog Admin,List tags,bearer,no,,limit;offset,Authorization;X-Request-ID;X-Correlation-ID,200,,smoke,READ_ONLY,partial,no,accessToken;baseUrl;limit;offset,writes: allow_destructive OR canaryMode OR readiness; bearer when auth=bearer,2xx per swagger,requestId; correlation; HTTP body; never log tokens,17_Negative_Security_Idempotency,GET /v1/admin/tags
240,POST,/v1/admin/tags,DocOpV1AdminTagCreate,Catalog Admin,Create tag,bearer,yes,,,Authorization;X-Request-ID;X-Correlation-ID;Idempotency-Key,200,,canary_admin,DESTRUCTIVE_CANARY_ONLY,no,yes,accessToken;baseUrl,writes: allow_destructive OR canaryMode OR readiness; bearer when auth=bearer,2xx per swagger,requestId; correlation; HTTP body; never log tokens,17_Negative_Security_Idempotency,POST /v1/admin/tags
241,DELETE,/v1/admin/tags/{tagId},DocOpV1AdminTagDelete,Catalog Admin,Deactivate tag,bearer,no,tagId,,Authorization;X-Request-ID;X-Correlation-ID;Idempotency-Key,200,,regression,DANGEROUS_PRODUCTION_DO_NOT_RUN,no,yes,accessToken;baseUrl;tagId,writes: allow_destructive OR canaryMode OR readiness; bearer when auth=bearer,2xx per swagger,requestId; correlation; HTTP body; never log tokens,17_Negative_Security_Idempotency,DELETE /v1/admin/tags/{tagId}
242,PATCH,/v1/admin/tags/{tagId},DocOpV1AdminTagPatch,Catalog Admin,Update tag (PATCH),bearer,yes,tagId,,Authorization;X-Request-ID;X-Correlation-ID;Idempotency-Key,200,,canary_admin,DESTRUCTIVE_CANARY_ONLY,no,yes,accessToken;baseUrl;tagId,writes: allow_destructive OR canaryMode OR readiness; bearer when auth=bearer,2xx per swagger,requestId; correlation; HTTP body; never log tokens,17_Negative_Security_Idempotency,PATCH /v1/admin/tags/{tagId}
243,PUT,/v1/admin/tags/{tagId},DocOpV1AdminTagReplace,Catalog Admin,Update tag,bearer,yes,tagId,,Authorization;X-Request-ID;X-Correlation-ID;Idempotency-Key,200,,canary_admin,DESTRUCTIVE_CANARY_ONLY,no,yes,accessToken;baseUrl;tagId,writes: allow_destructive OR canaryMode OR readiness; bearer when auth=bearer,2xx per swagger,requestId; correlation; HTTP body; never log tokens,17_Negative_Security_Idempotency,PUT /v1/admin/tags/{tagId}
244,GET,/v1/admin/technician-assignments,DocOpV1AdminTechnicianAssignmentsList,Machine Admin,List technician assignments (alternate path),bearer,no,,technician_id;machine_id;from;to;limit;offset,Authorization;X-Request-ID;X-Correlation-ID,200,"400,401,403,500",smoke,READ_ONLY,partial,no,accessToken;baseUrl;from;limit;machineId;offset;technicianId;to,writes: allow_destructive OR canaryMode OR readiness; bearer when auth=bearer,2xx per swagger,requestId; correlation; HTTP body; never log tokens,05_Machines_Provisioning_Activation,GET /v1/admin/technician-assignments
245,POST,/v1/admin/technician-assignments,DocOpV1AdminTechnicianAssignmentCreate,Machine Admin,Create technician–machine assignment (admin),bearer,yes,,,Authorization;X-Request-ID;X-Correlation-ID,201,"400,401,403,409,500",canary_admin,DESTRUCTIVE_CANARY_ONLY,no,yes,accessToken;baseUrl,writes: allow_destructive OR canaryMode OR readiness; bearer when auth=bearer,2xx per swagger,requestId; correlation; HTTP body; never log tokens,05_Machines_Provisioning_Activation,POST /v1/admin/technician-assignments
246,DELETE,/v1/admin/technician-assignments/{assignmentId},DocOpV1AdminTechnicianAssignmentDelete,Machine Admin,Release technician assignment (admin),bearer,no,assignmentId,,Authorization;X-Request-ID;X-Correlation-ID,200,"400,401,403,404,500",regression,DANGEROUS_PRODUCTION_DO_NOT_RUN,no,yes,accessToken;assignmentId;baseUrl,writes: allow_destructive OR canaryMode OR readiness; bearer when auth=bearer,2xx per swagger,requestId; correlation; HTTP body; never log tokens,05_Machines_Provisioning_Activation,DELETE /v1/admin/technician-assignments/{assignmentId}
247,GET,/v1/admin/technician-assignments/{assignmentId},DocOpV1AdminTechnicianAssignmentGet,Machine Admin,Get technician assignment by ID (admin),bearer,no,assignmentId,,Authorization;X-Request-ID;X-Correlation-ID,200,"400,401,403,404,500",smoke,READ_ONLY,partial,no,accessToken;assignmentId;baseUrl,writes: allow_destructive OR canaryMode OR readiness; bearer when auth=bearer,2xx per swagger,requestId; correlation; HTTP body; never log tokens,05_Machines_Provisioning_Activation,GET /v1/admin/technician-assignments/{assignmentId}
248,PATCH,/v1/admin/technician-assignments/{assignmentId},DocOpV1AdminTechnicianAssignmentPatch,Machine Admin,Patch technician assignment (admin),bearer,yes,assignmentId,,Authorization;X-Request-ID;X-Correlation-ID,200,"400,401,403,404,500",canary_admin,DESTRUCTIVE_CANARY_ONLY,no,yes,accessToken;assignmentId;baseUrl,writes: allow_destructive OR canaryMode OR readiness; bearer when auth=bearer,2xx per swagger,requestId; correlation; HTTP body; never log tokens,05_Machines_Provisioning_Activation,PATCH /v1/admin/technician-assignments/{assignmentId}
249,POST,/v1/admin/technician-assignments/{assignmentId}/cancel,DocOpV1AdminTechnicianAssignmentCancel,Machine Admin,Cancel technician assignment (admin),bearer,no,assignmentId,,Authorization;X-Request-ID;X-Correlation-ID,200,"400,401,403,404,500",canary_admin,DESTRUCTIVE_CANARY_ONLY,no,yes,accessToken;assignmentId;baseUrl,writes: allow_destructive OR canaryMode OR readiness; bearer when auth=bearer,2xx per swagger,requestId; correlation; HTTP body; never log tokens,05_Machines_Provisioning_Activation,POST /v1/admin/technician-assignments/{assignmentId}/cancel
250,GET,/v1/admin/technicians,DocOpV1AdminTechniciansList,Machine Admin,List technicians (admin),bearer,no,,technician_id;search;from;to;limit;offset,Authorization;X-Request-ID;X-Correlation-ID,200,"400,401,403,500",smoke,READ_ONLY,partial,no,accessToken;baseUrl;from;limit;offset;search;technicianId;to,writes: allow_destructive OR canaryMode OR readiness; bearer when auth=bearer,2xx per swagger,requestId; correlation; HTTP body; never log tokens,05_Machines_Provisioning_Activation,GET /v1/admin/technicians
251,POST,/v1/admin/technicians,DocOpV1AdminTechnicianCreate,Machine Admin,Create technician (admin),bearer,yes,,,Authorization;X-Request-ID;X-Correlation-ID,201,"400,401,403,500",canary_admin,DESTRUCTIVE_CANARY_ONLY,no,yes,accessToken;baseUrl,writes: allow_destructive OR canaryMode OR readiness; bearer when auth=bearer,2xx per swagger,requestId; correlation; HTTP body; never log tokens,05_Machines_Provisioning_Activation,POST /v1/admin/technicians
252,GET,/v1/admin/technicians/{technicianId},DocOpV1AdminTechnicianGet,Machine Admin,Get technician by ID (admin),bearer,no,technicianId,,Authorization;X-Request-ID;X-Correlation-ID,200,"400,401,403,404,500",smoke,READ_ONLY,partial,no,accessToken;baseUrl;technicianId,writes: allow_destructive OR canaryMode OR readiness; bearer when auth=bearer,2xx per swagger,requestId; correlation; HTTP body; never log tokens,05_Machines_Provisioning_Activation,GET /v1/admin/technicians/{technicianId}
253,PATCH,/v1/admin/technicians/{technicianId},DocOpV1AdminTechnicianPatch,Machine Admin,Patch technician (admin),bearer,yes,technicianId,,Authorization;X-Request-ID;X-Correlation-ID,200,"400,401,403,404,500",canary_admin,DESTRUCTIVE_CANARY_ONLY,no,yes,accessToken;baseUrl;technicianId,writes: allow_destructive OR canaryMode OR readiness; bearer when auth=bearer,2xx per swagger,requestId; correlation; HTTP body; never log tokens,05_Machines_Provisioning_Activation,PATCH /v1/admin/technicians/{technicianId}
254,POST,/v1/admin/technicians/{technicianId}/disable,DocOpV1AdminTechnicianDisable,Machine Admin,Disable technician (admin),bearer,no,technicianId,,Authorization;X-Request-ID;X-Correlation-ID,200,"400,401,403,404,500",canary_admin,DESTRUCTIVE_CANARY_ONLY,no,yes,accessToken;baseUrl;technicianId,writes: allow_destructive OR canaryMode OR readiness; bearer when auth=bearer,2xx per swagger,requestId; correlation; HTTP body; never log tokens,05_Machines_Provisioning_Activation,POST /v1/admin/technicians/{technicianId}/disable
255,POST,/v1/admin/technicians/{technicianId}/enable,DocOpV1AdminTechnicianEnable,Machine Admin,Enable technician (admin),bearer,no,technicianId,,Authorization;X-Request-ID;X-Correlation-ID,200,"400,401,403,404,500",canary_admin,DESTRUCTIVE_CANARY_ONLY,no,yes,accessToken;baseUrl;technicianId,writes: allow_destructive OR canaryMode OR readiness; bearer when auth=bearer,2xx per swagger,requestId; correlation; HTTP body; never log tokens,05_Machines_Provisioning_Activation,POST /v1/admin/technicians/{technicianId}/enable
256,GET,/v1/admin/users,DocOpV1AdminUsersList,Auth Admin,List API accounts (admin) — alternate path,bearer,no,,limit;offset,Authorization;X-Request-ID;X-Correlation-ID,200,"400,401,403",smoke,READ_ONLY,partial,no,accessToken;baseUrl;limit;offset,writes: allow_destructive OR canaryMode OR readiness; bearer when auth=bearer,2xx per swagger,requestId; correlation; HTTP body; never log tokens,02_Admin_Account_Session,GET /v1/admin/users
257,POST,/v1/admin/users,DocOpV1AdminUsersCreate,Auth Admin,Create API account — alternate path,bearer,yes,,,Authorization;X-Request-ID;X-Correlation-ID,201,"400,401,403,409",canary_admin,DESTRUCTIVE_CANARY_ONLY,no,yes,accessToken;baseUrl,writes: allow_destructive OR canaryMode OR readiness; bearer when auth=bearer,2xx per swagger,requestId; correlation; HTTP body; never log tokens,02_Admin_Account_Session,POST /v1/admin/users
258,GET,/v1/admin/users/{userId},DocOpV1AdminUsersGet,Auth Admin,Get API account — alternate path,bearer,no,userId,,Authorization;X-Request-ID;X-Correlation-ID,200,404,smoke,READ_ONLY,partial,no,accessToken;baseUrl;userId,writes: allow_destructive OR canaryMode OR readiness; bearer when auth=bearer,2xx per swagger,requestId; correlation; HTTP body; never log tokens,02_Admin_Account_Session,GET /v1/admin/users/{userId}
259,PATCH,/v1/admin/users/{userId},DocOpV1AdminUsersPatch,Auth Admin,Patch API account — alternate path,bearer,yes,userId,,Authorization;X-Request-ID;X-Correlation-ID,200,,canary_admin,DESTRUCTIVE_CANARY_ONLY,no,yes,accessToken;baseUrl;userId,writes: allow_destructive OR canaryMode OR readiness; bearer when auth=bearer,2xx per swagger,requestId; correlation; HTTP body; never log tokens,02_Admin_Account_Session,PATCH /v1/admin/users/{userId}
260,POST,/v1/admin/users/{userId}/disable,DocOpV1AdminUsersDisable,Auth Admin,Disable API account — alternate path,bearer,no,userId,,Authorization;X-Request-ID;X-Correlation-ID,200,,canary_admin,DESTRUCTIVE_CANARY_ONLY,no,yes,accessToken;baseUrl;userId,writes: allow_destructive OR canaryMode OR readiness; bearer when auth=bearer,2xx per swagger,requestId; correlation; HTTP body; never log tokens,02_Admin_Account_Session,POST /v1/admin/users/{userId}/disable
261,POST,/v1/admin/users/{userId}/enable,DocOpV1AdminUsersEnable,Auth Admin,Enable API account — alternate path,bearer,no,userId,,Authorization;X-Request-ID;X-Correlation-ID,200,,canary_admin,DESTRUCTIVE_CANARY_ONLY,no,yes,accessToken;baseUrl;userId,writes: allow_destructive OR canaryMode OR readiness; bearer when auth=bearer,2xx per swagger,requestId; correlation; HTTP body; never log tokens,02_Admin_Account_Session,POST /v1/admin/users/{userId}/enable
262,POST,/v1/admin/users/{userId}/reset-password,DocOpV1AdminUsersResetPassword,Auth Admin,Reset password — alternate path,bearer,yes,userId,,Authorization;X-Request-ID;X-Correlation-ID,200,,canary_admin,DESTRUCTIVE_CANARY_ONLY,no,yes,accessToken;baseUrl;userId,writes: allow_destructive OR canaryMode OR readiness; bearer when auth=bearer,2xx per swagger,requestId; correlation; HTTP body; never log tokens,02_Admin_Account_Session,POST /v1/admin/users/{userId}/reset-password
263,POST,/v1/admin/users/{userId}/revoke-sessions,DocOpV1AdminUsersRevokeSessions,Auth Admin,Revoke user sessions — alternate path,bearer,no,userId,,Authorization;X-Request-ID;X-Correlation-ID,204,,regression,DANGEROUS_PRODUCTION_DO_NOT_RUN,no,yes,accessToken;baseUrl;userId,writes: allow_destructive OR canaryMode OR readiness; bearer when auth=bearer,2xx per swagger,requestId; correlation; HTTP body; never log tokens,02_Admin_Account_Session,POST /v1/admin/users/{userId}/revoke-sessions
264,PATCH,/v1/admin/users/{userId}/roles,DocOpV1AdminUsersPatchRoles,Auth Admin,Replace roles — PATCH alias,bearer,yes,userId,,Authorization;X-Request-ID;X-Correlation-ID,200,,canary_admin,DESTRUCTIVE_CANARY_ONLY,no,yes,accessToken;baseUrl;userId,writes: allow_destructive OR canaryMode OR readiness; bearer when auth=bearer,2xx per swagger,requestId; correlation; HTTP body; never log tokens,02_Admin_Account_Session,PATCH /v1/admin/users/{userId}/roles
265,POST,/v1/admin/users/{userId}/roles,DocOpV1AdminUsersPostRoles,Auth Admin,Replace roles — alternate path,bearer,yes,userId,,Authorization;X-Request-ID;X-Correlation-ID,200,,canary_admin,DESTRUCTIVE_CANARY_ONLY,no,yes,accessToken;baseUrl;userId,writes: allow_destructive OR canaryMode OR readiness; bearer when auth=bearer,2xx per swagger,requestId; correlation; HTTP body; never log tokens,02_Admin_Account_Session,POST /v1/admin/users/{userId}/roles
266,PUT,/v1/admin/users/{userId}/roles,DocOpV1AdminUsersPutRoles,Auth Admin,Replace roles — alternate path,bearer,yes,userId,,Authorization;X-Request-ID;X-Correlation-ID,200,,canary_admin,DESTRUCTIVE_CANARY_ONLY,no,yes,accessToken;baseUrl;userId,writes: allow_destructive OR canaryMode OR readiness; bearer when auth=bearer,2xx per swagger,requestId; correlation; HTTP body; never log tokens,02_Admin_Account_Session,PUT /v1/admin/users/{userId}/roles
267,DELETE,/v1/admin/users/{userId}/roles/{role},DocOpV1AdminUsersDeleteRole,Auth Admin,Remove one role from user,bearer,no,userId;role,,Authorization;X-Request-ID;X-Correlation-ID,200,,regression,DANGEROUS_PRODUCTION_DO_NOT_RUN,no,yes,accessToken;baseUrl;role;userId,writes: allow_destructive OR canaryMode OR readiness; bearer when auth=bearer,2xx per swagger,requestId; correlation; HTTP body; never log tokens,02_Admin_Account_Session,DELETE /v1/admin/users/{userId}/roles/{role}
268,GET,/v1/admin/users/{userId}/sessions,DocOpV1AdminUsersSessions,Auth Admin,List user sessions — alternate path,bearer,no,userId,,Authorization;X-Request-ID;X-Correlation-ID,200,,smoke,READ_ONLY,partial,no,accessToken;baseUrl;userId,writes: allow_destructive OR canaryMode OR readiness; bearer when auth=bearer,2xx per swagger,requestId; correlation; HTTP body; never log tokens,02_Admin_Account_Session,GET /v1/admin/users/{userId}/sessions
269,PATCH,/v1/admin/users/{userId}/status,DocOpV1AdminUsersPatchStatus,Auth Admin,Patch account status only — alternate path,bearer,yes,userId,,Authorization;X-Request-ID;X-Correlation-ID,200,,canary_admin,DESTRUCTIVE_CANARY_ONLY,no,yes,accessToken;baseUrl;userId,writes: allow_destructive OR canaryMode OR readiness; bearer when auth=bearer,2xx per swagger,requestId; correlation; HTTP body; never log tokens,02_Admin_Account_Session,PATCH /v1/admin/users/{userId}/status
270,POST,/v1/auth/change-password,DocOpV1AuthChangePassword,Auth,Change password (self-service),bearer,yes,,,Authorization;X-Request-ID;X-Correlation-ID,204,"400,401,500",admin_write,SAFE_WRITE_CANARY,no,yes,accessToken;baseUrl,writes: allow_destructive OR canaryMode OR readiness; bearer when auth=bearer,2xx per swagger,requestId; correlation; HTTP body; never log tokens,01_Auth,POST /v1/auth/change-password
271,POST,/v1/auth/login,DocOpV1AuthLogin,Auth,Exchange email/password for JWT session tokens,none,yes,,,X-Request-ID;X-Correlation-ID,200,"400,401,429,500",auth_token,AUTH_PUBLIC_WRITE,no,no,baseUrl,login/refresh: valid body; no destructive gate,2xx per swagger,requestId; correlation; HTTP body; never log tokens,01_Auth,POST /v1/auth/login
272,POST,/v1/auth/logout,DocOpV1AuthLogout,Auth,Revoke refresh token(s),bearer,yes,,,Authorization;X-Request-ID;X-Correlation-ID,204,"400,401,500",regression,DANGEROUS_PRODUCTION_DO_NOT_RUN,no,yes,accessToken;baseUrl,writes: allow_destructive OR canaryMode OR readiness; bearer when auth=bearer,2xx per swagger,requestId; correlation; HTTP body; never log tokens,01_Auth,POST /v1/auth/logout
273,GET,/v1/auth/me,DocOpV1AuthMe,Auth,Current authenticated principal,bearer,no,,,Authorization;X-Request-ID;X-Correlation-ID,200,"401,500",smoke,READ_ONLY,partial,no,accessToken;baseUrl,writes: allow_destructive OR canaryMode OR readiness; bearer when auth=bearer,2xx per swagger,requestId; correlation; HTTP body; never log tokens,01_Auth,GET /v1/auth/me
274,POST,/v1/auth/mfa/totp/disable,DocOpV1AuthMFADisable,Auth,Disable TOTP for the current user,bearer,yes,,,Authorization;X-Request-ID;X-Correlation-ID,204,"400,401",admin_write,SAFE_WRITE_CANARY,no,yes,accessToken;baseUrl,writes: allow_destructive OR canaryMode OR readiness; bearer when auth=bearer,2xx per swagger,requestId; correlation; HTTP body; never log tokens,01_Auth,POST /v1/auth/mfa/totp/disable
275,POST,/v1/auth/mfa/totp/enroll,DocOpV1AuthMFAEnroll,Auth,Start TOTP MFA enrollment,bearer,no,,,Authorization;X-Request-ID;X-Correlation-ID,200,"400,401,409,503",admin_write,SAFE_WRITE_CANARY,no,yes,accessToken;baseUrl,writes: allow_destructive OR canaryMode OR readiness; bearer when auth=bearer,2xx per swagger,requestId; correlation; HTTP body; never log tokens,01_Auth,POST /v1/auth/mfa/totp/enroll
276,POST,/v1/auth/mfa/totp/verify,DocOpV1AuthMFAVerify,Auth,Verify TOTP (enrollment or login),bearer,yes,,,Authorization;X-Request-ID;X-Correlation-ID,200,"400,401",admin_write,SAFE_WRITE_CANARY,no,yes,accessToken;baseUrl,writes: allow_destructive OR canaryMode OR readiness; bearer when auth=bearer,2xx per swagger,requestId; correlation; HTTP body; never log tokens,01_Auth,POST /v1/auth/mfa/totp/verify
277,POST,/v1/auth/password/change,DocOpV1AuthPasswordChange,Auth,Change password (self-service),bearer,yes,,,Authorization;X-Request-ID;X-Correlation-ID,204,"400,401",admin_write,SAFE_WRITE_CANARY,no,yes,accessToken;baseUrl,writes: allow_destructive OR canaryMode OR readiness; bearer when auth=bearer,2xx per swagger,requestId; correlation; HTTP body; never log tokens,01_Auth,POST /v1/auth/password/change
278,POST,/v1/auth/password/reset/confirm,DocOpV1AuthPasswordResetConfirm,Auth,Confirm password reset,none,yes,,,X-Request-ID;X-Correlation-ID,204,"400,401",admin_write,SAFE_WRITE_CANARY,no,yes,baseUrl,writes: allow_destructive OR canaryMode OR readiness; bearer when auth=bearer,2xx per swagger,requestId; correlation; HTTP body; never log tokens,01_Auth,POST /v1/auth/password/reset/confirm
279,POST,/v1/auth/password/reset/request,DocOpV1AuthPasswordResetRequest,Auth,Request password reset,none,yes,,,X-Request-ID;X-Correlation-ID,202,400,admin_write,SAFE_WRITE_CANARY,no,yes,baseUrl,writes: allow_destructive OR canaryMode OR readiness; bearer when auth=bearer,2xx per swagger,requestId; correlation; HTTP body; never log tokens,01_Auth,POST /v1/auth/password/reset/request
280,POST,/v1/auth/refresh,DocOpV1AuthRefresh,Auth,Rotate access token using a refresh token,none,yes,,,X-Request-ID;X-Correlation-ID,200,"400,401,500",auth_token,AUTH_PUBLIC_WRITE,no,no,baseUrl,login/refresh: valid body; no destructive gate,2xx per swagger,requestId; correlation; HTTP body; never log tokens,01_Auth,POST /v1/auth/refresh
281,DELETE,/v1/auth/sessions,DocOpV1AuthSessionsRevokeOthers,Auth,Revoke other sessions,bearer,yes,,,Authorization;X-Request-ID;X-Correlation-ID,204,,regression,DANGEROUS_PRODUCTION_DO_NOT_RUN,no,yes,accessToken;baseUrl,writes: allow_destructive OR canaryMode OR readiness; bearer when auth=bearer,2xx per swagger,requestId; correlation; HTTP body; never log tokens,01_Auth,DELETE /v1/auth/sessions
282,GET,/v1/auth/sessions,DocOpV1AuthSessionsList,Auth,List current admin sessions,bearer,no,,,Authorization;X-Request-ID;X-Correlation-ID,200,,smoke,READ_ONLY,partial,no,accessToken;baseUrl,writes: allow_destructive OR canaryMode OR readiness; bearer when auth=bearer,2xx per swagger,requestId; correlation; HTTP body; never log tokens,01_Auth,GET /v1/auth/sessions
283,DELETE,/v1/auth/sessions/{sessionId},DocOpV1AuthSessionDelete,Auth,Revoke one session,bearer,no,sessionId,,Authorization;X-Request-ID;X-Correlation-ID,204,,regression,DANGEROUS_PRODUCTION_DO_NOT_RUN,no,yes,accessToken;baseUrl;sessionId,writes: allow_destructive OR canaryMode OR readiness; bearer when auth=bearer,2xx per swagger,requestId; correlation; HTTP body; never log tokens,01_Auth,DELETE /v1/auth/sessions/{sessionId}
284,POST,/v1/commerce/cash-checkout,DocOpV1CommerceCashCheckout,Commerce,"Create order, record captured cash payment, mark paid",bearer,yes,,,Authorization;X-Request-ID;X-Correlation-ID;Idempotency-Key,200,"400,401,403,429,500,503",commerce_device,DESTRUCTIVE_CANARY_ONLY,no,yes,accessToken;baseUrl,writes: allow_destructive OR canaryMode OR readiness; bearer when auth=bearer,2xx per swagger,requestId; correlation; HTTP body; never log tokens,08_Commerce_Order_Checkout,POST /v1/commerce/cash-checkout
285,POST,/v1/commerce/orders,DocOpV1CommerceCreateOrder,Commerce,Create order and initial vend session,bearer,yes,,,Authorization;X-Request-ID;X-Correlation-ID;Idempotency-Key,201,"400,401,403,429,500,503",commerce_device,DESTRUCTIVE_CANARY_ONLY,no,yes,accessToken;baseUrl,writes: allow_destructive OR canaryMode OR readiness; bearer when auth=bearer,2xx per swagger,requestId; correlation; HTTP body; never log tokens,08_Commerce_Order_Checkout,POST /v1/commerce/orders
286,GET,/v1/commerce/orders/{orderId},DocOpV1CommerceGetOrder,Commerce,Checkout status for order,bearer,no,orderId,slot_index,Authorization;X-Request-ID;X-Correlation-ID,200,"400,401,403,404,500,503",smoke,READ_ONLY,partial,no,accessToken;baseUrl;orderId;slotIndex,writes: allow_destructive OR canaryMode OR readiness; bearer when auth=bearer,2xx per swagger,requestId; correlation; HTTP body; never log tokens,08_Commerce_Order_Checkout,GET /v1/commerce/orders/{orderId}
287,POST,/v1/commerce/orders/{orderId}/cancel,DocOpV1CommerceOrderCancel,Commerce,Cancel order before payment capture,bearer,yes,orderId,,Authorization;X-Request-ID;X-Correlation-ID;Idempotency-Key,200,"400,401,403,404,409,429,500",commerce_device,DESTRUCTIVE_CANARY_ONLY,no,yes,accessToken;baseUrl;orderId,writes: allow_destructive OR canaryMode OR readiness; bearer when auth=bearer,2xx per swagger,requestId; correlation; HTTP body; never log tokens,08_Commerce_Order_Checkout,POST /v1/commerce/orders/{orderId}/cancel
288,POST,/v1/commerce/orders/{orderId}/payment-session,DocOpV1CommercePaymentSession,Commerce,Start payment with outbox row,bearer,yes,orderId,,Authorization;X-Request-ID;X-Correlation-ID;Idempotency-Key,200,"400,401,403,404,429,500,503",commerce_device,DESTRUCTIVE_CANARY_ONLY,no,yes,accessToken;baseUrl;orderId,writes: allow_destructive OR canaryMode OR readiness; bearer when auth=bearer,2xx per swagger,requestId; correlation; HTTP body; never log tokens,08_Commerce_Order_Checkout,POST /v1/commerce/orders/{orderId}/payment-session
289,POST,/v1/commerce/orders/{orderId}/payments/{paymentId}/webhooks,DocOpV1CommercePaymentWebhook,Commerce,Apply provider webhook,none,yes,orderId;paymentId,,X-AVF-Webhook-Timestamp;X-AVF-Webhook-Signature;X-Request-ID;X-Correlation-ID,200,"400,401,403,404,409,429,500,503",commerce_device,DESTRUCTIVE_CANARY_ONLY,no,yes,baseUrl;orderId;paymentId,writes: allow_destructive OR canaryMode OR readiness; bearer when auth=bearer,2xx per swagger,requestId; correlation; HTTP body; never log tokens,09_Payments_Webhooks_Reconciliation,POST /v1/commerce/orders/{orderId}/payments/{paymentId}/webhooks
290,GET,/v1/commerce/orders/{orderId}/reconciliation,DocOpV1CommerceReconciliationSnapshot,Commerce,Reconciliation snapshot wrapper,bearer,no,orderId,slot_index,Authorization;X-Request-ID;X-Correlation-ID,200,"400,401,403,404,500,503",smoke,READ_ONLY,partial,no,accessToken;baseUrl;orderId;slotIndex,writes: allow_destructive OR canaryMode OR readiness; bearer when auth=bearer,2xx per swagger,requestId; correlation; HTTP body; never log tokens,08_Commerce_Order_Checkout,GET /v1/commerce/orders/{orderId}/reconciliation
291,GET,/v1/commerce/orders/{orderId}/refunds,DocOpV1CommerceRefundsList,Commerce,List refunds for an order,bearer,no,orderId,,Authorization;X-Request-ID;X-Correlation-ID,200,"400,401,403,404,500",smoke,READ_ONLY,partial,no,accessToken;baseUrl;orderId,writes: allow_destructive OR canaryMode OR readiness; bearer when auth=bearer,2xx per swagger,requestId; correlation; HTTP body; never log tokens,10_Vending_Sale_Refund_Failure,GET /v1/commerce/orders/{orderId}/refunds
292,POST,/v1/commerce/orders/{orderId}/refunds,DocOpV1CommerceRefundCreate,Commerce,Create or replay a refund (idempotent),bearer,yes,orderId,,Authorization;X-Request-ID;X-Correlation-ID;Idempotency-Key,200,"400,401,403,404,409,429,500",regression,DANGEROUS_PRODUCTION_DO_NOT_RUN,no,yes,accessToken;baseUrl;orderId,writes: allow_destructive OR canaryMode OR readiness; bearer when auth=bearer,2xx per swagger,requestId; correlation; HTTP body; never log tokens,10_Vending_Sale_Refund_Failure,POST /v1/commerce/orders/{orderId}/refunds
293,GET,/v1/commerce/orders/{orderId}/refunds/{refundId},DocOpV1CommerceRefundGet,Commerce,Get one refund on an order,bearer,no,orderId;refundId,,Authorization;X-Request-ID;X-Correlation-ID,200,"400,401,403,404,500",smoke,READ_ONLY,partial,no,accessToken;baseUrl;orderId;refundId,writes: allow_destructive OR canaryMode OR readiness; bearer when auth=bearer,2xx per swagger,requestId; correlation; HTTP body; never log tokens,10_Vending_Sale_Refund_Failure,GET /v1/commerce/orders/{orderId}/refunds/{refundId}
294,POST,/v1/commerce/orders/{orderId}/vend/failure,DocOpV1CommerceVendFailure,Commerce,Finalize vend failure,bearer,yes,orderId,,Authorization;X-Request-ID;X-Correlation-ID;Idempotency-Key,200,"400,401,403,404,409,429,500,503",regression,DANGEROUS_PRODUCTION_DO_NOT_RUN,no,yes,accessToken;baseUrl;orderId,writes: allow_destructive OR canaryMode OR readiness; bearer when auth=bearer,2xx per swagger,requestId; correlation; HTTP body; never log tokens,10_Vending_Sale_Refund_Failure,POST /v1/commerce/orders/{orderId}/vend/failure
295,POST,/v1/commerce/orders/{orderId}/vend/start,DocOpV1CommerceVendStart,Commerce,Advance vend to in_progress,bearer,yes,orderId,,Authorization;X-Request-ID;X-Correlation-ID;Idempotency-Key,200,"400,401,403,404,409,429,500,503",commerce_device,DESTRUCTIVE_CANARY_ONLY,no,yes,accessToken;baseUrl;orderId,writes: allow_destructive OR canaryMode OR readiness; bearer when auth=bearer,2xx per swagger,requestId; correlation; HTTP body; never log tokens,10_Vending_Sale_Refund_Failure,POST /v1/commerce/orders/{orderId}/vend/start
296,POST,/v1/commerce/orders/{orderId}/vend/success,DocOpV1CommerceVendSuccess,Commerce,Finalize vend success,bearer,yes,orderId,,Authorization;X-Request-ID;X-Correlation-ID;Idempotency-Key,200,"400,401,403,404,409,429,500,503",commerce_device,DESTRUCTIVE_CANARY_ONLY,no,yes,accessToken;baseUrl;orderId,writes: allow_destructive OR canaryMode OR readiness; bearer when auth=bearer,2xx per swagger,requestId; correlation; HTTP body; never log tokens,10_Vending_Sale_Refund_Failure,POST /v1/commerce/orders/{orderId}/vend/success
297,POST,/v1/device/machines/{machineId}/commands/poll,DocOpV1DeviceMachineCommandsPoll,Device Runtime,Poll pending remote commands over HTTP (MQTT fallback),bearer,yes,machineId,,Authorization;X-Request-ID;X-Correlation-ID,200,"400,401,403,429,500",commerce_device,DESTRUCTIVE_CANARY_ONLY,no,yes,accessToken;baseUrl;machineId,writes: allow_destructive OR canaryMode OR readiness; bearer when auth=bearer,2xx per swagger,requestId; correlation; HTTP body; never log tokens,16_System_Health_Metrics,POST /v1/device/machines/{machineId}/commands/poll
298,POST,/v1/device/machines/{machineId}/events/reconcile,DocOpV1DeviceTelemetryReconcileBatch,Telemetry Reconcile,Batch reconcile critical telemetry idempotency keys,bearer,yes,machineId,,Authorization;X-Request-ID;X-Correlation-ID,200,"400,401,403,500",commerce_device,DESTRUCTIVE_CANARY_ONLY,no,yes,accessToken;baseUrl;machineId,writes: allow_destructive OR canaryMode OR readiness; bearer when auth=bearer,2xx per swagger,requestId; correlation; HTTP body; never log tokens,16_System_Health_Metrics,POST /v1/device/machines/{machineId}/events/reconcile
299,GET,/v1/device/machines/{machineId}/events/{idempotencyKey}/status,DocOpV1DeviceTelemetryReconcileStatusGet,Telemetry Reconcile,Single critical telemetry idempotency status,bearer,no,machineId;idempotencyKey,,Authorization;X-Request-ID;X-Correlation-ID,200,"400,401,403,500",smoke,READ_ONLY,partial,no,accessToken;baseUrl;idempotencyKey;machineId,writes: allow_destructive OR canaryMode OR readiness; bearer when auth=bearer,2xx per swagger,requestId; correlation; HTTP body; never log tokens,16_System_Health_Metrics,GET /v1/device/machines/{machineId}/events/{idempotencyKey}/status
300,POST,/v1/device/machines/{machineId}/vend-results,DocOpV1DeviceMachineVendResults,Device Runtime,Report vend outcome for an order (HTTP bridge),bearer,yes,machineId,,Authorization;X-Request-ID;X-Correlation-ID;Idempotency-Key,200,"400,401,403,404,429,500",commerce_device,DESTRUCTIVE_CANARY_ONLY,no,yes,accessToken;baseUrl;machineId,writes: allow_destructive OR canaryMode OR readiness; bearer when auth=bearer,2xx per swagger,requestId; correlation; HTTP body; never log tokens,16_System_Health_Metrics,POST /v1/device/machines/{machineId}/vend-results
301,POST,/v1/machines/{machineId}/check-ins,DocOpV1MachineCheckIn,Device Runtime,Record Android check-in,bearer,yes,machineId,,Authorization;X-Request-ID;X-Correlation-ID,201,"400,401,403,429,500",commerce_device,DESTRUCTIVE_CANARY_ONLY,no,yes,accessToken;baseUrl;machineId,writes: allow_destructive OR canaryMode OR readiness; bearer when auth=bearer,2xx per swagger,requestId; correlation; HTTP body; never log tokens,05_Machines_Provisioning_Activation,POST /v1/machines/{machineId}/check-ins
302,POST,/v1/machines/{machineId}/commands/dispatch,DocOpV1MachineCommandDispatch,Device Runtime,Dispatch remote MQTT command,bearer,yes,machineId,,Authorization;X-Request-ID;X-Correlation-ID;Idempotency-Key,200,"400,401,403,429,500,503",commerce_device,DESTRUCTIVE_CANARY_ONLY,no,yes,accessToken;baseUrl;machineId,writes: allow_destructive OR canaryMode OR readiness; bearer when auth=bearer,2xx per swagger,requestId; correlation; HTTP body; never log tokens,05_Machines_Provisioning_Activation,POST /v1/machines/{machineId}/commands/dispatch
303,GET,/v1/machines/{machineId}/commands/receipts,DocOpV1MachineCommandReceipts,Device Runtime,List recent command receipts,bearer,no,machineId,limit,Authorization;X-Request-ID;X-Correlation-ID,200,"400,401,403,500",smoke,READ_ONLY,partial,no,accessToken;baseUrl;limit;machineId,writes: allow_destructive OR canaryMode OR readiness; bearer when auth=bearer,2xx per swagger,requestId; correlation; HTTP body; never log tokens,05_Machines_Provisioning_Activation,GET /v1/machines/{machineId}/commands/receipts
304,GET,/v1/machines/{machineId}/commands/{sequence}/status,DocOpV1MachineCommandStatus,Device Runtime,Get command dispatch status by sequence,bearer,no,machineId;sequence,,Authorization;X-Request-ID;X-Correlation-ID,200,"400,401,403,404,500",smoke,READ_ONLY,partial,no,accessToken;baseUrl;machineId;sequence,writes: allow_destructive OR canaryMode OR readiness; bearer when auth=bearer,2xx per swagger,requestId; correlation; HTTP body; never log tokens,05_Machines_Provisioning_Activation,GET /v1/machines/{machineId}/commands/{sequence}/status
305,POST,/v1/machines/{machineId}/config-applies,DocOpV1MachineConfigApply,Device Runtime,Acknowledge config applied on device,bearer,yes,machineId,,Authorization;X-Request-ID;X-Correlation-ID,201,"400,401,403,429,500",commerce_device,DESTRUCTIVE_CANARY_ONLY,no,yes,accessToken;baseUrl;machineId,writes: allow_destructive OR canaryMode OR readiness; bearer when auth=bearer,2xx per swagger,requestId; correlation; HTTP body; never log tokens,05_Machines_Provisioning_Activation,POST /v1/machines/{machineId}/config-applies
306,GET,/v1/machines/{machineId}/operator-sessions/action-attributions,DocOpV1OperatorSessionActionAttributions,Operator Sessions,List action attributions for machine,bearer,no,machineId,limit,Authorization;X-Request-ID;X-Correlation-ID,200,"400,401,403,500",smoke,READ_ONLY,partial,no,accessToken;baseUrl;limit;machineId,writes: allow_destructive OR canaryMode OR readiness; bearer when auth=bearer,2xx per swagger,requestId; correlation; HTTP body; never log tokens,05_Machines_Provisioning_Activation,GET /v1/machines/{machineId}/operator-sessions/action-attributions
307,GET,/v1/machines/{machineId}/operator-sessions/auth-events,DocOpV1OperatorSessionAuthEvents,Operator Sessions,List auth events,bearer,no,machineId,limit,Authorization;X-Request-ID;X-Correlation-ID,200,"400,401,403,500",smoke,READ_ONLY,partial,no,accessToken;baseUrl;limit;machineId,writes: allow_destructive OR canaryMode OR readiness; bearer when auth=bearer,2xx per swagger,requestId; correlation; HTTP body; never log tokens,05_Machines_Provisioning_Activation,GET /v1/machines/{machineId}/operator-sessions/auth-events
308,GET,/v1/machines/{machineId}/operator-sessions/current,DocOpV1OperatorSessionCurrent,Operator Sessions,Get current operator session,bearer,no,machineId,,Authorization;X-Request-ID;X-Correlation-ID,200,"400,401,403,404,500",smoke,READ_ONLY,partial,no,accessToken;baseUrl;machineId,writes: allow_destructive OR canaryMode OR readiness; bearer when auth=bearer,2xx per swagger,requestId; correlation; HTTP body; never log tokens,05_Machines_Provisioning_Activation,GET /v1/machines/{machineId}/operator-sessions/current
309,GET,/v1/machines/{machineId}/operator-sessions/history,DocOpV1OperatorSessionHistory,Operator Sessions,List session history,bearer,no,machineId,limit,Authorization;X-Request-ID;X-Correlation-ID,200,"400,401,403,500",smoke,READ_ONLY,partial,no,accessToken;baseUrl;limit;machineId,writes: allow_destructive OR canaryMode OR readiness; bearer when auth=bearer,2xx per swagger,requestId; correlation; HTTP body; never log tokens,05_Machines_Provisioning_Activation,GET /v1/machines/{machineId}/operator-sessions/history
310,POST,/v1/machines/{machineId}/operator-sessions/login,DocOpV1OperatorSessionLogin,Operator Sessions,Start or resume operator session,bearer,yes,machineId,,Authorization;X-Request-ID;X-Correlation-ID,200,"400,401,403,409,429,500,503",commerce_device,DESTRUCTIVE_CANARY_ONLY,no,yes,accessToken;baseUrl;machineId,writes: allow_destructive OR canaryMode OR readiness; bearer when auth=bearer,2xx per swagger,requestId; correlation; HTTP body; never log tokens,05_Machines_Provisioning_Activation,POST /v1/machines/{machineId}/operator-sessions/login
311,POST,/v1/machines/{machineId}/operator-sessions/logout,DocOpV1OperatorSessionLogout,Operator Sessions,End operator session,bearer,yes,machineId,,Authorization;X-Request-ID;X-Correlation-ID,200,"400,401,403,404,409,429,500",regression,DANGEROUS_PRODUCTION_DO_NOT_RUN,no,yes,accessToken;baseUrl;machineId,writes: allow_destructive OR canaryMode OR readiness; bearer when auth=bearer,2xx per swagger,requestId; correlation; HTTP body; never log tokens,05_Machines_Provisioning_Activation,POST /v1/machines/{machineId}/operator-sessions/logout
312,GET,/v1/machines/{machineId}/operator-sessions/timeline,DocOpV1OperatorSessionTimeline,Operator Sessions,Combined operator timeline,bearer,no,machineId,limit,Authorization;X-Request-ID;X-Correlation-ID,200,"400,401,403,500",smoke,READ_ONLY,partial,no,accessToken;baseUrl;limit;machineId,writes: allow_destructive OR canaryMode OR readiness; bearer when auth=bearer,2xx per swagger,requestId; correlation; HTTP body; never log tokens,05_Machines_Provisioning_Activation,GET /v1/machines/{machineId}/operator-sessions/timeline
313,POST,/v1/machines/{machineId}/operator-sessions/{sessionId}/heartbeat,DocOpV1OperatorSessionHeartbeat,Operator Sessions,Session activity heartbeat,bearer,no,machineId;sessionId,,Authorization;X-Request-ID;X-Correlation-ID,200,"400,401,403,404,409,429,500",commerce_device,DESTRUCTIVE_CANARY_ONLY,no,yes,accessToken;baseUrl;machineId;sessionId,writes: allow_destructive OR canaryMode OR readiness; bearer when auth=bearer,2xx per swagger,requestId; correlation; HTTP body; never log tokens,05_Machines_Provisioning_Activation,POST /v1/machines/{machineId}/operator-sessions/{sessionId}/heartbeat
314,GET,/v1/machines/{machineId}/sale-catalog,DocOpV1MachineSaleCatalogGet,Runtime Catalog,"Runtime sale catalog (planogram, price, stock, images)",bearer,no,machineId,if_none_match_config_version;include_unavailable;include_images,Authorization;X-Request-ID;X-Correlation-ID,200,"400,401,403,404,500",smoke,READ_ONLY,partial,no,accessToken;baseUrl;ifNoneMatchConfigVersion;includeImages;includeUnavailable;machineId,writes: allow_destructive OR canaryMode OR readiness; bearer when auth=bearer,2xx per swagger,requestId; correlation; HTTP body; never log tokens,05_Machines_Provisioning_Activation,GET /v1/machines/{machineId}/sale-catalog
315,GET,/v1/machines/{machineId}/shadow,DocOpV1MachineShadowGet,Device Runtime,Get machine shadow JSON,bearer,no,machineId,,Authorization;X-Request-ID;X-Correlation-ID,200,"400,401,403,404,500",smoke,READ_ONLY,partial,no,accessToken;baseUrl;machineId,writes: allow_destructive OR canaryMode OR readiness; bearer when auth=bearer,2xx per swagger,requestId; correlation; HTTP body; never log tokens,05_Machines_Provisioning_Activation,GET /v1/machines/{machineId}/shadow
316,GET,/v1/machines/{machineId}/telemetry/incidents,DocOpV1MachineTelemetryIncidents,Telemetry,Recent persisted machine incidents,bearer,no,machineId,limit,Authorization;X-Request-ID;X-Correlation-ID,200,"400,401,403,500",smoke,READ_ONLY,partial,no,accessToken;baseUrl;limit;machineId,writes: allow_destructive OR canaryMode OR readiness; bearer when auth=bearer,2xx per swagger,requestId; correlation; HTTP body; never log tokens,05_Machines_Provisioning_Activation,GET /v1/machines/{machineId}/telemetry/incidents
317,GET,/v1/machines/{machineId}/telemetry/rollups,DocOpV1MachineTelemetryRollups,Telemetry,Telemetry rollup buckets (1m / 1h),bearer,no,machineId,from;to;granularity,Authorization;X-Request-ID;X-Correlation-ID,200,"400,401,403,500",smoke,READ_ONLY,partial,no,accessToken;baseUrl;from;granularity;machineId;to,writes: allow_destructive OR canaryMode OR readiness; bearer when auth=bearer,2xx per swagger,requestId; correlation; HTTP body; never log tokens,05_Machines_Provisioning_Activation,GET /v1/machines/{machineId}/telemetry/rollups
318,GET,/v1/machines/{machineId}/telemetry/snapshot,DocOpV1MachineTelemetrySnapshot,Telemetry,Current machine telemetry snapshot (projected),bearer,no,machineId,,Authorization;X-Request-ID;X-Correlation-ID,200,"400,401,403,404,500",smoke,READ_ONLY,partial,no,accessToken;baseUrl;machineId,writes: allow_destructive OR canaryMode OR readiness; bearer when auth=bearer,2xx per swagger,requestId; correlation; HTTP body; never log tokens,05_Machines_Provisioning_Activation,GET /v1/machines/{machineId}/telemetry/snapshot
319,GET,/v1/operator-insights/technicians/{technicianId}/action-attributions,DocOpV1OperatorInsightsTechnicianAttributions,Operator Sessions,List action attributions for a technician,bearer,no,technicianId,limit,Authorization;X-Request-ID;X-Correlation-ID,200,"400,401,403,500",smoke,READ_ONLY,partial,no,accessToken;baseUrl;limit;technicianId,writes: allow_destructive OR canaryMode OR readiness; bearer when auth=bearer,2xx per swagger,requestId; correlation; HTTP body; never log tokens,15_Technicians_Operations,GET /v1/operator-insights/technicians/{technicianId}/action-attributions
320,GET,/v1/operator-insights/users/action-attributions,DocOpV1OperatorInsightsUserAttributions,Operator Sessions,List action attributions for a user principal,bearer,no,,user_principal;limit,Authorization;X-Request-ID;X-Correlation-ID,200,"400,401,403,500",smoke,READ_ONLY,partial,no,accessToken;baseUrl;limit;userPrincipal,writes: allow_destructive OR canaryMode OR readiness; bearer when auth=bearer,2xx per swagger,requestId; correlation; HTTP body; never log tokens,15_Technicians_Operations,GET /v1/operator-insights/users/action-attributions
321,GET,/v1/orders,DocOpV1OrdersList,Commerce,List orders for company,bearer,no,,status;machine_id;search;from;to;limit;offset,Authorization;X-Request-ID;X-Correlation-ID,200,"400,401,403,500",smoke,READ_ONLY,partial,no,accessToken;baseUrl;from;limit;machineId;offset;search;status;to,writes: allow_destructive OR canaryMode OR readiness; bearer when auth=bearer,2xx per swagger,requestId; correlation; HTTP body; never log tokens,08_Commerce_Order_Checkout,GET /v1/orders
322,GET,/v1/payments,DocOpV1PaymentsList,Commerce,List payments for company,bearer,no,,status;payment_method;machine_id;search;from;to;limit;offset,Authorization;X-Request-ID;X-Correlation-ID,200,"400,401,403,500",smoke,READ_ONLY,partial,no,accessToken;baseUrl;from;limit;machineId;offset;paymentMethod;search;status;to,writes: allow_destructive OR canaryMode OR readiness; bearer when auth=bearer,2xx per swagger,requestId; correlation; HTTP body; never log tokens,08_Commerce_Order_Checkout,GET /v1/payments
323,GET,/v1/reports/fleet-health,DocOpV1ReportsFleetHealth,Reporting,Machine posture and incident rollups,bearer,no,,from;to,Authorization;X-Request-ID;X-Correlation-ID,200,"400,401,403,500",smoke,READ_ONLY,partial,no,accessToken;baseUrl;from;to,writes: allow_destructive OR canaryMode OR readiness; bearer when auth=bearer,2xx per swagger,requestId; correlation; HTTP body; never log tokens,14_Reporting_Audit_Exports,GET /v1/reports/fleet-health
324,GET,/v1/reports/inventory-exceptions,DocOpV1ReportsInventoryExceptions,Reporting,Slots needing refill or restock attention,bearer,no,,from;to;exception_kind;limit;offset,Authorization;X-Request-ID;X-Correlation-ID,200,"400,401,403,500",smoke,READ_ONLY,partial,no,accessToken;baseUrl;exceptionKind;from;limit;offset;to,writes: allow_destructive OR canaryMode OR readiness; bearer when auth=bearer,2xx per swagger,requestId; correlation; HTTP body; never log tokens,07_Inventory_Restock_Anomalies,GET /v1/reports/inventory-exceptions
325,GET,/v1/reports/payments-summary,DocOpV1ReportsPaymentsSummary,Reporting,Payment outcomes and method/status breakdown,bearer,no,,from;to;group_by,Authorization;X-Request-ID;X-Correlation-ID,200,"400,401,403,500",smoke,READ_ONLY,partial,no,accessToken;baseUrl;from;groupBy;to,writes: allow_destructive OR canaryMode OR readiness; bearer when auth=bearer,2xx per swagger,requestId; correlation; HTTP body; never log tokens,14_Reporting_Audit_Exports,GET /v1/reports/payments-summary
326,GET,/v1/reports/sales-summary,DocOpV1ReportsSalesSummary,Reporting,Sales rollup and trend breakdown,bearer,no,,from;to;group_by,Authorization;X-Request-ID;X-Correlation-ID,200,"400,401,403,500",smoke,READ_ONLY,partial,no,accessToken;baseUrl;from;groupBy;to,writes: allow_destructive OR canaryMode OR readiness; bearer when auth=bearer,2xx per swagger,requestId; correlation; HTTP body; never log tokens,14_Reporting_Audit_Exports,GET /v1/reports/sales-summary
327,POST,/v1/setup/activation-codes/claim,DocOpV1SetupActivationClaimPost,Activation,Claim an activation code (public pre-auth),none,yes,,,X-Request-ID;X-Correlation-ID,200,"400,500",commerce_device,DESTRUCTIVE_CANARY_ONLY,no,yes,baseUrl,writes: allow_destructive OR canaryMode OR readiness; bearer when auth=bearer,2xx per swagger,requestId; correlation; HTTP body; never log tokens,05_Machines_Provisioning_Activation,POST /v1/setup/activation-codes/claim
328,GET,/v1/setup/machines/{machineId}/bootstrap,DocOpV1SetupMachineBootstrap,Machine Setup,Machine setup bootstrap (topology + catalog),bearer,no,machineId,,Authorization;X-Request-ID;X-Correlation-ID,200,"400,401,403,404,500,503",smoke,READ_ONLY,partial,no,accessToken;baseUrl;machineId,writes: allow_destructive OR canaryMode OR readiness; bearer when auth=bearer,2xx per swagger,requestId; correlation; HTTP body; never log tokens,05_Machines_Provisioning_Activation,GET /v1/setup/machines/{machineId}/bootstrap
329,GET,/version,DocOpVersion,System,Build and runtime version,none,no,,,,200,,smoke,READ_ONLY,yes,no,baseUrl,writes: allow_destructive OR canaryMode OR readiness; bearer when auth=bearer,2xx per swagger,requestId; correlation; HTTP body; never log tokens,00_Preflight,GET /version
